"CaseMasterID","PoliceStationID","CaseStatusID","CrimeRegisteredDate"
"1","597","2","2026-06-14"
"2","634","1","2024-10-30"
"3","798","2","2024-01-18"
"4","19","1","2026-07-17"
"5","473","1","2024-10-07"
"6","628","3","2026-05-14"
"7","592","4","2024-09-25"
"8","724","4","2023-12-28"
"9","756","2","2024-02-12"
"10","778","2","2023-11-10"
"11","375","3","2026-03-26"
"12","508","2","2023-06-17"
"13","861","2","2024-06-06"
"14","227","3","2023-01-29"
"15","123","3","2025-07-28"
"16","1044","1","2023-10-24"
"17","671","1","2026-02-08"
"18","34","3","2023-06-06"
"19","922","3","2024-03-04"
"20","564","3","2024-01-30"
"21","223","2","2023-06-23"
"22","260","2","2023-04-21"
"23","1005","1","2024-02-25"
"24","167","3","2023-06-19"
"25","360","2","2024-08-14"
"26","750","2","2024-09-27"
"27","11","2","2024-06-19"
"28","947","4","2023-03-25"
"29","1051","3","2026-03-25"
"30","398","3","2025-12-13"
"31","158","4","2023-06-21"
"32","27","1","2024-05-15"
"33","350","1","2023-11-19"
"34","37","2","2023-03-28"
"35","1075","1","2024-06-24"
"36","98","1","2025-11-05"
"37","399","1","2023-12-25"
"38","36","4","2024-08-06"
"39","643","2","2026-03-16"
"40","113","1","2023-08-28"
"41","104","2","2025-01-24"
"42","351","2","2024-02-19"
"43","1117","3","2024-08-30"
"44","1099","4","2024-01-09"
"45","929","4","2025-09-06"
"46","830","1","2026-03-12"
"47","514","3","2025-11-05"
"48","131","2","2026-07-09"
"49","756","3","2023-04-17"
"50","552","4","2025-03-12"
"51","1034","1","2023-08-06"
"52","992","1","2023-12-04"
"53","200","1","2024-05-02"
"54","270","2","2025-09-05"
"55","264","4","2024-09-15"
"56","582","2","2024-09-13"
"57","390","2","2023-05-09"
"58","67","2","2024-10-28"
"59","668","3","2024-01-08"
"60","449","1","2023-11-27"
"61","231","4","2024-03-14"
"62","732","3","2024-01-14"
"63","50","1","2023-07-09"
"64","183","4","2023-08-26"
"65","618","1","2025-12-02"
"66","1017","1","2023-02-04"
"67","111","1","2025-05-15"
"68","16","1","2024-03-30"
"69","252","1","2023-03-21"
"70","125","2","2025-08-07"
"71","728","1","2025-07-04"
"72","826","3","2025-04-29"
"73","1018","2","2025-03-19"
"74","661","2","2025-06-13"
"75","57","3","2026-07-15"
"76","1069","2","2025-11-16"
"77","1024","4","2026-04-24"
"78","363","3","2025-09-25"
"79","210","1","2025-03-01"
"80","232","3","2026-04-16"
"81","879","1","2024-10-13"
"82","1059","2","2023-08-03"
"83","505","1","2025-02-20"
"84","617","1","2023-10-06"
"85","394","1","2025-11-03"
"86","877","1","2025-09-06"
"87","560","3","2025-07-02"
"88","550","3","2023-04-07"
"89","1104","3","2025-02-16"
"90","626","1","2023-01-25"
"91","657","2","2024-05-08"
"92","781","2","2024-06-01"
"93","1070","4","2025-03-01"
"94","989","1","2024-07-19"
"95","760","4","2024-09-04"
"96","1082","2","2024-04-24"
"97","755","2","2023-10-13"
"98","751","2","2024-06-29"
"99","279","1","2024-07-24"
"100","365","2","2025-08-07"
"101","671","2","2024-08-23"
"102","681","3","2023-04-03"
"103","611","1","2025-04-11"
"104","665","3","2023-08-08"
"105","170","1","2023-10-04"
"106","135","4","2023-04-09"
"107","499","1","2025-02-04"
"108","768","2","2024-04-05"
"109","196","3","2023-05-23"
"110","14","2","2024-07-30"
"111","259","1","2023-01-03"
"112","168","1","2026-04-20"
"113","1053","1","2023-10-10"
"114","27","4","2023-09-19"
"115","118","2","2024-12-06"
"116","793","4","2025-03-13"
"117","628","2","2026-05-23"
"118","704","3","2026-02-10"
"119","577","2","2025-08-01"
"120","409","2","2025-01-08"
"121","814","1","2024-09-10"
"122","846","4","2024-03-26"
"123","944","1","2024-06-15"
"124","1100","1","2023-05-09"
"125","709","4","2024-12-19"
"126","971","2","2024-03-30"
"127","375","2","2023-07-03"
"128","378","3","2024-01-01"
"129","250","1","2026-02-24"
"130","549","2","2023-05-28"
"131","1017","1","2023-07-16"
"132","380","4","2023-09-28"
"133","686","1","2024-01-08"
"134","918","2","2026-04-29"
"135","734","1","2023-10-09"
"136","599","2","2024-03-29"
"137","1092","4","2025-12-05"
"138","458","1","2026-03-06"
"139","388","1","2024-06-15"
"140","852","3","2025-10-30"
"141","575","3","2025-05-14"
"142","960","3","2025-06-22"
"143","270","3","2023-04-06"
"144","103","3","2025-03-02"
"145","578","2","2024-06-05"
"146","462","3","2026-05-10"
"147","772","3","2024-10-18"
"148","389","2","2025-07-06"
"149","323","1","2023-11-06"
"150","457","3","2026-01-07"
"151","1101","1","2023-04-30"
"152","36","2","2024-09-17"
"153","5","1","2023-05-08"
"154","351","3","2026-03-02"
"155","389","3","2023-11-14"
"156","840","4","2023-08-28"
"157","704","3","2024-10-29"
"158","947","2","2024-05-11"
"159","390","1","2023-03-26"
"160","800","1","2025-04-05"
"161","517","4","2023-09-27"
"162","604","1","2025-06-19"
"163","188","2","2023-05-20"
"164","744","2","2024-09-23"
"165","374","2","2025-05-24"
"166","980","3","2024-01-21"
"167","60","1","2023-03-17"
"168","1005","1","2024-11-03"
"169","674","3","2023-07-22"
"170","690","2","2026-03-26"
"171","25","3","2024-10-14"
"172","1096","1","2023-07-26"
"173","882","3","2023-07-05"
"174","325","1","2026-01-20"
"175","428","2","2025-05-14"
"176","553","3","2024-10-17"
"177","1071","3","2023-05-14"
"178","262","1","2025-03-21"
"179","761","2","2024-05-06"
"180","1077","2","2025-06-02"
"181","945","3","2024-03-18"
"182","228","1","2026-03-12"
"183","553","1","2023-06-18"
"184","227","3","2024-10-16"
"185","898","1","2026-02-15"
"186","304","3","2023-01-20"
"187","190","1","2025-02-26"
"188","1055","3","2024-07-21"
"189","659","2","2025-02-07"
"190","1026","2","2023-05-24"
"191","362","1","2026-07-17"
"192","360","2","2024-02-15"
"193","634","1","2025-10-04"
"194","553","2","2026-07-01"
"195","731","3","2024-06-09"
"196","879","2","2024-04-23"
"197","572","1","2023-06-18"
"198","413","1","2023-08-04"
"199","319","1","2024-12-27"
"200","909","2","2025-12-06"
"201","721","1","2025-08-11"
"202","291","3","2023-07-03"
"203","1031","2","2023-05-16"
"204","870","3","2023-09-08"
"205","574","2","2025-05-15"
"206","381","3","2025-06-24"
"207","423","2","2024-11-23"
"208","857","4","2023-06-21"
"209","988","2","2023-07-31"
"210","196","3","2024-06-29"
"211","520","1","2024-07-26"
"212","794","3","2024-03-31"
"213","6","1","2025-05-07"
"214","316","1","2025-02-05"
"215","554","3","2023-07-05"
"216","191","2","2026-03-05"
"217","1092","1","2024-07-04"
"218","994","2","2026-04-25"
"219","881","1","2024-12-26"
"220","654","2","2025-02-03"
"221","359","2","2026-05-01"
"222","276","4","2023-11-25"
"223","868","3","2023-07-04"
"224","796","3","2025-12-07"
"225","878","1","2024-11-17"
"226","641","1","2025-09-13"
"227","812","1","2025-02-07"
"228","84","1","2025-07-19"
"229","247","2","2026-01-27"
"230","1032","3","2025-09-13"
"231","1099","3","2023-11-24"
"232","487","1","2024-10-31"
"233","155","2","2025-08-12"
"234","99","2","2024-02-21"
"235","182","3","2023-06-04"
"236","542","2","2024-07-28"
"237","602","2","2024-05-11"
"238","1084","2","2025-04-15"
"239","707","4","2025-02-11"
"240","174","1","2023-11-13"
"241","659","1","2023-11-08"
"242","535","4","2026-02-18"
"243","595","1","2023-01-14"
"244","684","1","2026-06-27"
"245","732","2","2023-07-03"
"246","816","1","2023-04-07"
"247","82","2","2024-05-03"
"248","885","2","2025-09-25"
"249","826","1","2023-03-08"
"250","558","1","2025-05-12"
"251","806","3","2024-04-29"
"252","486","1","2023-03-01"
"253","1010","4","2024-08-27"
"254","580","2","2024-11-07"
"255","864","2","2025-04-11"
"256","669","3","2024-09-21"
"257","767","3","2025-08-17"
"258","660","2","2024-05-06"
"259","572","2","2024-08-23"
"260","309","1","2023-09-20"
"261","278","3","2026-07-14"
"262","538","2","2025-04-23"
"263","527","3","2025-02-19"
"264","132","1","2025-11-17"
"265","793","3","2024-01-30"
"266","1071","1","2025-03-27"
"267","478","4","2024-10-13"
"268","25","2","2026-04-10"
"269","1021","2","2024-04-01"
"270","586","3","2025-12-26"
"271","451","3","2023-12-11"
"272","178","2","2025-01-30"
"273","311","3","2023-12-17"
"274","927","2","2024-03-06"
"275","58","3","2026-07-18"
"276","623","2","2026-05-29"
"277","652","2","2025-06-20"
"278","465","4","2024-10-22"
"279","475","1","2025-05-16"
"280","78","2","2023-10-07"
"281","362","1","2023-09-08"
"282","203","3","2024-04-11"
"283","239","2","2026-02-16"
"284","863","2","2025-09-26"
"285","786","1","2024-05-19"
"286","556","1","2024-08-13"
"287","17","3","2024-08-15"
"288","213","2","2023-01-31"
"289","540","1","2024-01-03"
"290","1064","1","2023-10-16"
"291","207","2","2024-01-30"
"292","497","2","2024-07-20"
"293","807","1","2025-06-08"
"294","857","1","2024-02-07"
"295","1056","3","2024-02-07"
"296","610","3","2025-06-24"
"297","943","3","2023-07-01"
"298","988","1","2024-02-25"
"299","171","3","2023-02-21"
"300","123","2","2024-03-05"
"301","634","1","2023-02-03"
"302","777","1","2023-09-08"
"303","1018","2","2024-09-30"
"304","378","1","2025-07-07"
"305","206","2","2025-09-22"
"306","66","2","2023-01-03"
"307","1003","1","2026-02-13"
"308","264","4","2026-02-01"
"309","43","2","2026-01-20"
"310","170","4","2025-03-28"
"311","357","3","2024-03-11"
"312","372","2","2024-03-31"
"313","361","2","2025-04-11"
"314","127","2","2023-01-05"
"315","1095","3","2023-06-04"
"316","152","3","2026-07-03"
"317","583","1","2025-11-15"
"318","529","2","2023-07-31"
"319","791","2","2026-06-10"
"320","864","2","2023-09-16"
"321","13","2","2024-08-10"
"322","809","2","2025-09-26"
"323","420","4","2024-03-11"
"324","192","1","2026-02-28"
"325","1043","2","2024-11-27"
"326","74","3","2023-07-06"
"327","682","2","2026-01-03"
"328","549","3","2025-05-21"
"329","874","4","2023-08-07"
"330","1033","2","2025-03-09"
"331","774","1","2025-12-09"
"332","940","1","2023-02-13"
"333","689","1","2026-05-09"
"334","47","2","2024-03-01"
"335","773","3","2023-02-05"
"336","1078","3","2026-05-03"
"337","452","3","2026-07-21"
"338","501","2","2023-01-18"
"339","202","2","2025-11-08"
"340","666","1","2023-12-13"
"341","794","1","2024-11-06"
"342","478","1","2023-02-04"
"343","401","1","2023-02-10"
"344","135","4","2024-07-28"
"345","448","3","2024-05-30"
"346","10","2","2024-05-09"
"347","678","1","2024-01-21"
"348","166","1","2026-04-12"
"349","528","1","2023-07-27"
"350","858","1","2025-06-21"
"351","487","3","2023-08-08"
"352","763","3","2024-04-05"
"353","660","1","2025-06-25"
"354","635","2","2024-12-10"
"355","92","1","2023-06-04"
"356","793","2","2025-12-07"
"357","936","3","2023-08-22"
"358","1027","2","2025-10-21"
"359","592","1","2025-02-18"
"360","864","1","2024-02-29"
"361","162","1","2024-12-06"
"362","1063","3","2024-01-30"
"363","839","2","2024-11-18"
"364","858","4","2026-05-07"
"365","236","4","2025-03-07"
"366","481","2","2026-05-09"
"367","374","1","2024-01-20"
"368","1103","3","2025-08-09"
"369","350","2","2024-07-07"
"370","689","1","2025-05-03"
"371","145","1","2023-02-25"
"372","34","1","2026-06-26"
"373","511","1","2026-02-25"
"374","933","3","2024-03-10"
"375","1073","1","2024-06-17"
"376","570","2","2024-10-25"
"377","1005","4","2025-05-26"
"378","1032","2","2025-01-25"
"379","760","2","2025-06-19"
"380","491","2","2024-08-07"
"381","410","1","2024-09-02"
"382","866","4","2025-01-18"
"383","864","4","2023-06-09"
"384","786","3","2026-01-26"
"385","496","1","2026-06-30"
"386","263","1","2023-01-06"
"387","290","3","2024-12-28"
"388","769","2","2024-11-07"
"389","209","1","2023-12-22"
"390","739","2","2026-06-11"
"391","780","1","2026-06-15"
"392","721","3","2025-10-05"
"393","1057","2","2025-03-29"
"394","193","2","2025-03-07"
"395","201","1","2024-02-01"
"396","98","1","2025-01-10"
"397","1096","4","2024-01-16"
"398","979","2","2024-10-22"
"399","148","2","2025-01-03"
"400","576","1","2023-10-24"
"401","535","3","2024-07-12"
"402","315","4","2025-10-23"
"403","914","3","2026-02-23"
"404","1060","2","2024-11-19"
"405","231","1","2024-12-09"
"406","633","2","2023-07-15"
"407","619","3","2025-06-28"
"408","40","3","2023-06-09"
"409","748","2","2026-03-30"
"410","97","4","2026-05-21"
"411","468","3","2025-01-15"
"412","341","3","2023-06-04"
"413","702","4","2023-06-24"
"414","200","1","2023-08-16"
"415","193","2","2025-10-18"
"416","513","1","2026-03-11"
"417","510","1","2025-03-26"
"418","984","1","2024-09-29"
"419","622","1","2023-05-31"
"420","932","1","2024-04-22"
"421","738","1","2026-04-02"
"422","854","1","2023-01-24"
"423","354","1","2024-01-19"
"424","817","2","2026-06-07"
"425","637","2","2023-10-21"
"426","850","3","2024-03-03"
"427","8","2","2023-06-18"
"428","700","2","2024-08-21"
"429","57","3","2026-06-18"
"430","762","2","2024-10-22"
"431","963","2","2025-07-09"
"432","601","3","2025-08-22"
"433","121","1","2023-07-25"
"434","446","3","2024-11-06"
"435","665","2","2023-01-22"
"436","295","4","2023-05-06"
"437","477","1","2024-07-21"
"438","819","3","2023-04-09"
"439","708","2","2023-02-13"
"440","886","1","2024-05-01"
"441","197","3","2023-04-13"
"442","862","2","2026-05-05"
"443","1093","3","2024-03-30"
"444","1007","3","2023-07-26"
"445","679","3","2024-03-14"
"446","1039","3","2023-03-16"
"447","463","2","2023-02-06"
"448","162","1","2025-01-25"
"449","397","2","2025-05-02"
"450","226","2","2025-12-27"
"451","257","3","2024-10-07"
"452","176","3","2024-04-19"
"453","725","2","2025-03-09"
"454","134","1","2026-02-13"
"455","25","3","2024-05-19"
"456","867","1","2023-04-17"
"457","480","2","2025-01-07"
"458","675","2","2024-05-13"
"459","760","2","2024-06-22"
"460","675","1","2023-02-18"
"461","1088","3","2024-09-12"
"462","788","1","2023-05-10"
"463","359","1","2025-02-18"
"464","153","2","2024-09-25"
"465","813","1","2025-03-20"
"466","175","4","2023-05-31"
"467","341","2","2026-07-10"
"468","1004","1","2026-06-09"
"469","315","3","2025-12-19"
"470","626","1","2023-01-19"
"471","606","4","2023-07-16"
"472","482","2","2024-12-17"
"473","735","2","2025-12-28"
"474","626","1","2024-11-09"
"475","1053","3","2024-02-05"
"476","1108","3","2025-11-29"
"477","226","1","2023-03-30"
"478","1018","2","2024-11-06"
"479","697","1","2023-09-24"
"480","643","1","2025-01-23"
"481","30","4","2025-05-07"
"482","639","3","2024-03-19"
"483","691","2","2023-02-17"
"484","474","4","2026-04-19"
"485","664","3","2025-10-02"
"486","902","1","2023-11-15"
"487","314","1","2026-01-22"
"488","823","1","2025-02-13"
"489","1070","1","2025-06-20"
"490","671","3","2023-05-18"
"491","747","3","2026-07-02"
"492","751","4","2023-07-10"
"493","1058","1","2025-11-08"
"494","146","2","2025-12-30"
"495","336","1","2026-03-22"
"496","370","2","2023-06-15"
"497","7","1","2024-11-03"
"498","279","1","2023-09-28"
"499","332","3","2024-08-05"
"500","1070","3","2023-12-27"
"501","1107","1","2026-02-11"
"502","15","1","2025-04-12"
"503","260","3","2023-12-15"
"504","142","3","2025-01-06"
"505","60","3","2023-01-22"
"506","462","2","2024-05-16"
"507","44","2","2023-09-22"
"508","153","3","2026-02-19"
"509","278","1","2025-08-27"
"510","741","2","2023-12-04"
"511","141","3","2024-02-18"
"512","594","2","2026-04-27"
"513","424","3","2023-07-12"
"514","62","3","2023-08-18"
"515","312","2","2024-04-08"
"516","813","1","2025-03-24"
"517","11","3","2026-03-29"
"518","67","2","2024-06-12"
"519","758","3","2025-06-18"
"520","529","2","2023-12-26"
"521","848","2","2023-10-09"
"522","532","1","2023-02-09"
"523","975","1","2024-12-25"
"524","997","1","2023-07-06"
"525","503","2","2024-10-03"
"526","569","1","2023-05-30"
"527","1015","1","2025-07-27"
"528","825","1","2025-12-20"
"529","1008","1","2024-09-15"
"530","306","1","2023-05-05"
"531","703","2","2023-10-28"
"532","449","1","2025-10-15"
"533","403","1","2023-09-11"
"534","731","2","2024-09-21"
"535","1061","1","2024-03-21"
"536","183","2","2023-01-02"
"537","110","4","2023-11-03"
"538","197","2","2026-04-03"
"539","1016","2","2023-07-18"
"540","180","2","2026-02-06"
"541","734","4","2024-05-29"
"542","614","1","2026-04-18"
"543","144","1","2026-02-27"
"544","194","2","2026-01-14"
"545","749","2","2023-02-05"
"546","372","2","2025-04-28"
"547","401","3","2023-05-02"
"548","28","3","2024-06-02"
"549","998","1","2024-06-12"
"550","586","2","2025-10-11"
"551","846","3","2025-09-16"
"552","658","2","2025-12-06"
"553","306","2","2024-05-11"
"554","236","1","2025-05-24"
"555","306","2","2024-10-06"
"556","264","3","2026-01-11"
"557","169","1","2024-06-10"
"558","747","3","2026-01-16"
"559","84","4","2025-06-18"
"560","332","1","2026-01-30"
"561","824","2","2025-04-01"
"562","517","2","2026-07-05"
"563","430","3","2025-01-09"
"564","685","2","2024-09-22"
"565","75","2","2026-04-11"
"566","422","3","2026-07-04"
"567","719","3","2026-05-02"
"568","1074","3","2026-06-05"
"569","60","1","2025-08-30"
"570","808","4","2025-06-03"
"571","894","1","2023-04-02"
"572","376","3","2025-04-19"
"573","509","1","2025-10-17"
"574","618","1","2025-06-22"
"575","1037","3","2024-05-16"
"576","762","2","2025-06-11"
"577","369","1","2025-08-06"
"578","114","4","2024-09-08"
"579","996","4","2023-10-25"
"580","867","2","2026-06-24"
"581","1040","1","2023-10-02"
"582","946","3","2024-06-27"
"583","414","1","2024-07-19"
"584","188","1","2023-03-03"
"585","1119","3","2024-12-18"
"586","484","2","2026-01-17"
"587","985","3","2024-07-23"
"588","795","2","2025-12-14"
"589","285","1","2026-03-26"
"590","1067","3","2024-10-31"
"591","981","4","2025-05-19"
"592","282","4","2023-04-14"
"593","382","1","2025-09-30"
"594","833","1","2025-01-11"
"595","942","1","2023-08-14"
"596","863","3","2025-07-24"
"597","171","1","2025-12-06"
"598","811","3","2024-06-26"
"599","109","2","2023-01-06"
"600","223","2","2025-07-18"
"601","528","4","2024-09-06"
"602","133","1","2023-09-06"
"603","206","2","2023-08-04"
"604","545","2","2025-12-11"
"605","873","2","2026-03-29"
"606","483","1","2024-11-05"
"607","17","2","2024-05-15"
"608","324","2","2023-04-13"
"609","299","2","2025-09-23"
"610","844","1","2024-08-09"
"611","698","1","2024-06-14"
"612","692","1","2025-06-12"
"613","122","3","2024-11-05"
"614","345","1","2025-04-24"
"615","853","1","2024-10-01"
"616","516","2","2025-03-19"
"617","1097","1","2025-10-07"
"618","1010","1","2023-10-24"
"619","941","3","2026-01-29"
"620","7","2","2025-10-12"
"621","736","1","2024-07-23"
"622","879","3","2024-04-14"
"623","472","3","2024-12-24"
"624","532","3","2023-02-23"
"625","964","3","2025-12-27"
"626","135","2","2023-01-25"
"627","437","2","2026-05-27"
"628","825","1","2024-09-30"
"629","112","3","2025-08-16"
"630","636","2","2025-10-09"
"631","29","3","2024-04-17"
"632","249","1","2023-08-04"
"633","678","1","2024-03-06"
"634","897","1","2024-05-15"
"635","637","1","2023-03-06"
"636","924","3","2024-03-09"
"637","278","2","2025-03-10"
"638","456","1","2023-10-17"
"639","498","2","2025-05-25"
"640","574","3","2023-02-18"
"641","78","2","2025-09-03"
"642","1069","1","2025-02-28"
"643","106","3","2025-09-02"
"644","1070","4","2026-04-11"
"645","1077","1","2026-01-07"
"646","597","1","2025-03-16"
"647","920","2","2024-06-09"
"648","302","2","2024-06-13"
"649","289","1","2025-01-15"
"650","436","1","2025-04-14"
"651","1000","1","2024-09-24"
"652","1031","3","2025-10-22"
"653","284","2","2023-01-14"
"654","819","2","2025-02-01"
"655","565","2","2023-10-18"
"656","41","2","2023-06-11"
"657","935","4","2023-07-02"
"658","863","2","2023-12-11"
"659","85","3","2026-07-22"
"660","567","1","2023-01-30"
"661","9","4","2024-09-11"
"662","635","4","2026-02-15"
"663","456","2","2024-05-26"
"664","364","2","2023-03-10"
"665","97","1","2026-07-08"
"666","633","3","2025-08-05"
"667","1055","2","2025-01-20"
"668","287","1","2023-06-30"
"669","318","2","2024-01-02"
"670","938","1","2026-07-01"
"671","875","2","2023-12-05"
"672","611","1","2026-05-12"
"673","664","1","2025-05-04"
"674","158","1","2025-02-28"
"675","375","2","2026-06-28"
"676","986","1","2023-08-21"
"677","1065","2","2023-01-20"
"678","924","1","2025-02-26"
"679","887","4","2025-08-17"
"680","693","2","2024-03-03"
"681","49","1","2025-07-09"
"682","57","3","2025-05-24"
"683","901","2","2026-03-06"
"684","687","2","2025-04-13"
"685","279","2","2024-10-22"
"686","868","1","2024-02-05"
"687","970","3","2024-05-24"
"688","363","3","2025-05-01"
"689","166","3","2026-07-17"
"690","738","1","2024-05-06"
"691","1096","4","2025-02-25"
"692","546","1","2025-06-15"
"693","1123","2","2024-08-27"
"694","1004","1","2026-05-31"
"695","649","1","2023-01-10"
"696","268","2","2024-07-22"
"697","106","2","2023-06-18"
"698","538","1","2023-07-03"
"699","1080","1","2026-05-11"
"700","474","3","2023-05-06"
"701","847","3","2025-10-18"
"702","228","2","2023-08-09"
"703","627","4","2025-11-04"
"704","740","1","2025-11-04"
"705","601","1","2024-09-03"
"706","868","3","2025-09-30"
"707","592","3","2024-01-02"
"708","89","1","2026-03-04"
"709","639","2","2026-02-16"
"710","161","1","2025-05-14"
"711","395","2","2023-01-25"
"712","424","3","2024-10-27"
"713","132","2","2023-07-30"
"714","570","1","2023-03-05"
"715","599","3","2026-01-14"
"716","903","3","2025-04-27"
"717","158","2","2024-05-01"
"718","851","3","2025-02-23"
"719","812","4","2025-09-03"
"720","397","1","2026-04-21"
"721","280","1","2026-04-22"
"722","924","2","2024-03-05"
"723","213","3","2023-06-27"
"724","339","1","2025-12-08"
"725","917","1","2023-01-18"
"726","927","3","2025-10-07"
"727","849","3","2025-09-03"
"728","588","3","2025-05-11"
"729","737","1","2023-10-11"
"730","774","2","2026-04-02"
"731","360","1","2024-04-01"
"732","325","3","2025-10-31"
"733","898","1","2025-03-02"
"734","1053","2","2023-01-30"
"735","652","2","2024-09-18"
"736","858","1","2026-04-25"
"737","521","3","2023-01-29"
"738","340","1","2024-08-22"
"739","489","1","2023-04-21"
"740","96","4","2025-11-21"
"741","147","3","2025-08-23"
"742","1059","3","2026-05-01"
"743","138","1","2024-05-23"
"744","558","1","2025-09-29"
"745","1109","1","2026-04-03"
"746","860","3","2025-07-09"
"747","827","1","2025-10-08"
"748","996","3","2023-11-22"
"749","499","3","2025-09-18"
"750","718","4","2025-02-11"
"751","946","1","2025-03-25"
"752","68","1","2024-01-14"
"753","569","3","2024-03-29"
"754","23","4","2024-12-13"
"755","915","3","2025-01-13"
"756","884","4","2024-11-17"
"757","245","3","2023-10-06"
"758","454","2","2024-11-29"
"759","106","3","2025-07-25"
"760","433","1","2023-02-16"
"761","847","2","2023-07-22"
"762","402","4","2023-12-31"
"763","68","3","2023-11-26"
"764","489","3","2023-09-11"
"765","356","3","2025-03-18"
"766","191","1","2023-07-24"
"767","786","1","2026-03-26"
"768","277","1","2023-05-13"
"769","48","3","2023-03-03"
"770","991","1","2024-08-23"
"771","267","1","2025-03-05"
"772","808","2","2025-03-15"
"773","22","1","2025-08-29"
"774","684","2","2025-03-18"
"775","114","1","2024-09-07"
"776","787","1","2026-06-01"
"777","988","1","2023-06-21"
"778","896","2","2024-02-04"
"779","738","1","2024-10-19"
"780","656","3","2025-12-20"
"781","303","2","2023-11-16"
"782","268","2","2025-05-03"
"783","519","4","2024-06-21"
"784","167","2","2026-01-27"
"785","838","4","2023-09-15"
"786","300","1","2025-09-02"
"787","56","3","2023-06-17"
"788","906","1","2023-12-04"
"789","373","2","2023-05-13"
"790","1084","1","2025-01-31"
"791","725","3","2023-01-25"
"792","621","2","2026-04-02"
"793","77","2","2025-02-26"
"794","834","3","2025-04-02"
"795","918","3","2024-03-07"
"796","789","3","2023-11-11"
"797","193","1","2025-05-18"
"798","527","4","2023-06-26"
"799","554","2","2023-01-07"
"800","14","4","2025-01-23"
"801","920","2","2025-07-04"
"802","1034","1","2024-06-17"
"803","1049","3","2023-02-02"
"804","774","3","2025-05-23"
"805","1017","2","2023-02-06"
"806","405","3","2026-03-30"
"807","355","1","2023-10-04"
"808","749","2","2023-02-04"
"809","410","3","2024-03-03"
"810","742","3","2023-03-01"
"811","1080","3","2025-02-09"
"812","1016","2","2026-07-02"
"813","153","1","2024-02-22"
"814","76","2","2023-08-21"
"815","305","1","2024-08-18"
"816","113","2","2024-04-04"
"817","437","2","2025-09-01"
"818","628","2","2025-10-17"
"819","815","3","2026-02-14"
"820","353","2","2024-08-12"
"821","681","1","2026-05-19"
"822","634","1","2023-11-06"
"823","459","2","2025-03-20"
"824","91","3","2023-12-31"
"825","421","2","2025-09-09"
"826","347","3","2024-09-19"
"827","1056","4","2025-09-22"
"828","390","2","2024-06-07"
"829","738","2","2024-10-19"
"830","643","2","2024-10-19"
"831","357","2","2023-04-10"
"832","736","1","2024-09-25"
"833","679","3","2023-06-12"
"834","794","3","2024-01-22"
"835","1111","3","2024-04-11"
"836","317","1","2024-08-15"
"837","931","2","2023-09-09"
"838","862","3","2025-07-05"
"839","1103","2","2024-10-18"
"840","21","2","2025-07-09"
"841","628","3","2024-06-25"
"842","684","1","2023-02-14"
"843","577","2","2023-07-20"
"844","473","2","2026-02-26"
"845","665","2","2023-04-20"
"846","1047","3","2024-05-18"
"847","781","3","2024-10-04"
"848","574","4","2024-05-25"
"849","1047","3","2024-09-10"
"850","352","4","2025-04-27"
"851","621","3","2024-11-25"
"852","1025","3","2025-04-29"
"853","1124","1","2025-02-20"
"854","851","1","2023-12-29"
"855","941","3","2023-06-21"
"856","421","2","2023-01-22"
"857","1093","3","2026-01-09"
"858","816","2","2024-05-08"
"859","304","4","2023-12-31"
"860","474","3","2023-02-25"
"861","872","1","2024-06-22"
"862","739","1","2023-05-30"
"863","139","3","2024-11-09"
"864","407","1","2025-04-22"
"865","655","2","2023-08-11"
"866","12","2","2023-02-19"
"867","1111","2","2023-12-14"
"868","275","4","2023-11-18"
"869","1105","1","2025-02-11"
"870","494","1","2025-06-17"
"871","979","4","2025-04-16"
"872","257","1","2024-10-09"
"873","478","2","2026-02-14"
"874","817","3","2023-03-06"
"875","633","1","2024-11-26"
"876","765","2","2025-03-29"
"877","527","1","2024-05-17"
"878","534","3","2023-05-23"
"879","1022","4","2024-08-01"
"880","1037","1","2024-12-15"
"881","444","2","2023-05-26"
"882","655","2","2024-06-08"
"883","1060","2","2025-10-18"
"884","721","2","2023-08-03"
"885","1022","3","2025-12-18"
"886","1020","2","2024-08-10"
"887","770","2","2024-07-07"
"888","977","2","2024-12-28"
"889","938","4","2024-01-30"
"890","685","1","2024-03-27"
"891","243","2","2023-09-02"
"892","1105","2","2025-11-07"
"893","671","1","2025-02-21"
"894","129","2","2025-01-16"
"895","329","2","2025-06-07"
"896","103","2","2026-02-14"
"897","892","2","2023-12-31"
"898","297","2","2025-06-26"
"899","760","3","2023-07-30"
"900","886","1","2024-10-29"
"901","740","1","2025-11-03"
"902","51","2","2024-03-16"
"903","677","3","2025-07-16"
"904","771","2","2023-04-01"
"905","648","1","2026-07-07"
"906","419","3","2025-03-30"
"907","96","4","2026-04-25"
"908","148","1","2025-09-29"
"909","211","1","2023-01-20"
"910","639","3","2023-01-11"
"911","719","1","2024-04-13"
"912","307","2","2024-08-23"
"913","636","2","2025-05-31"
"914","1070","1","2026-01-26"
"915","1023","4","2023-12-04"
"916","606","1","2024-11-21"
"917","1067","3","2023-11-23"
"918","863","1","2024-01-17"
"919","832","1","2026-06-20"
"920","318","2","2024-12-30"
"921","73","1","2024-12-15"
"922","939","1","2023-03-13"
"923","946","1","2026-07-03"
"924","1062","3","2024-04-17"
"925","987","1","2023-09-02"
"926","39","2","2023-01-29"
"927","266","2","2024-07-30"
"928","413","1","2025-12-01"
"929","380","4","2025-01-17"
"930","509","2","2026-04-18"
"931","305","1","2024-05-12"
"932","159","4","2023-11-05"
"933","101","3","2025-05-23"
"934","1035","1","2024-04-23"
"935","898","1","2025-04-21"
"936","596","2","2024-01-07"
"937","582","3","2023-08-26"
"938","793","1","2026-06-23"
"939","216","3","2023-10-10"
"940","994","1","2023-09-26"
"941","925","1","2026-04-08"
"942","1062","1","2025-05-18"
"943","844","2","2023-05-11"
"944","1096","1","2025-10-10"
"945","496","1","2023-01-22"
"946","362","4","2025-12-23"
"947","616","2","2023-01-30"
"948","359","3","2026-03-24"
"949","843","3","2025-07-20"
"950","582","3","2025-07-20"
"951","319","1","2024-11-03"
"952","56","4","2023-03-19"
"953","1121","1","2025-06-19"
"954","1095","1","2025-11-05"
"955","991","1","2023-06-15"
"956","395","1","2023-01-24"
"957","126","4","2025-05-30"
"958","556","2","2025-08-10"
"959","542","3","2024-03-10"
"960","289","3","2024-02-19"
"961","124","1","2025-03-25"
"962","925","2","2023-08-23"
"963","984","3","2023-03-03"
"964","471","2","2024-04-16"
"965","420","2","2025-04-14"
"966","353","3","2026-04-10"
"967","536","1","2025-08-15"
"968","15","3","2026-07-05"
"969","1109","3","2026-01-04"
"970","948","3","2024-03-31"
"971","1102","1","2026-05-03"
"972","247","3","2025-12-12"
"973","139","2","2026-03-30"
"974","182","2","2023-04-19"
"975","117","1","2026-06-02"
"976","377","3","2026-02-05"
"977","766","3","2025-05-13"
"978","806","1","2025-07-07"
"979","512","2","2024-06-30"
"980","873","1","2025-02-26"
"981","587","2","2024-08-12"
"982","335","1","2023-12-31"
"983","204","1","2024-06-12"
"984","115","1","2026-01-10"
"985","72","3","2025-10-12"
"986","953","2","2024-07-06"
"987","569","3","2023-06-01"
"988","639","3","2026-01-02"
"989","277","1","2025-08-27"
"990","798","3","2026-04-02"
"991","80","1","2025-03-25"
"992","302","1","2023-04-12"
"993","115","2","2023-01-31"
"994","931","1","2025-07-27"
"995","880","2","2024-01-19"
"996","692","3","2026-05-16"
"997","452","1","2026-03-24"
"998","45","1","2024-11-28"
"999","807","3","2025-07-23"
"1000","212","1","2023-08-15"
"1001","288","3","2025-04-15"
"1002","382","2","2023-12-01"
"1003","277","2","2024-08-25"
"1004","601","1","2026-03-13"
"1005","548","1","2023-08-26"
"1006","667","4","2023-01-22"
"1007","878","1","2026-04-29"
"1008","1058","3","2025-12-02"
"1009","1124","2","2023-05-09"
"1010","199","1","2024-12-28"
"1011","858","2","2026-04-16"
"1012","110","1","2026-01-28"
"1013","87","1","2025-06-20"
"1014","408","3","2023-08-04"
"1015","583","2","2024-02-18"
"1016","712","3","2025-09-28"
"1017","347","2","2025-02-20"
"1018","904","2","2024-04-19"
"1019","701","1","2023-11-18"
"1020","86","1","2026-07-10"
"1021","46","3","2025-09-08"
"1022","1007","1","2024-09-21"
"1023","786","1","2023-05-03"
"1024","971","3","2024-02-20"
"1025","511","2","2026-07-05"
"1026","884","2","2024-12-01"
"1027","815","3","2025-01-03"
"1028","955","3","2024-05-06"
"1029","984","1","2026-01-04"
"1030","814","3","2026-06-18"
"1031","354","3","2024-01-29"
"1032","405","1","2023-08-28"
"1033","924","2","2024-11-01"
"1034","760","2","2025-03-06"
"1035","288","1","2023-06-06"
"1036","1035","2","2024-01-29"
"1037","64","3","2023-01-13"
"1038","971","2","2026-05-04"
"1039","853","2","2023-02-06"
"1040","1120","4","2026-02-24"
"1041","151","3","2025-03-22"
"1042","1106","2","2024-10-26"
"1043","154","3","2025-10-09"
"1044","1111","1","2025-07-01"
"1045","795","1","2025-04-25"
"1046","796","3","2025-10-31"
"1047","367","2","2023-06-25"
"1048","352","3","2026-03-06"
"1049","450","1","2023-02-02"
"1050","627","3","2023-06-09"
"1051","17","3","2024-07-31"
"1052","226","1","2023-08-30"
"1053","914","3","2023-05-22"
"1054","240","3","2023-09-02"
"1055","568","3","2026-07-09"
"1056","537","1","2023-08-02"
"1057","827","2","2024-09-22"
"1058","843","1","2025-07-13"
"1059","796","2","2026-07-10"
"1060","691","3","2025-12-07"
"1061","438","1","2025-10-26"
"1062","347","2","2025-05-06"
"1063","752","1","2024-06-23"
"1064","814","1","2023-01-20"
"1065","159","3","2025-04-10"
"1066","443","2","2024-04-26"
"1067","455","3","2025-07-15"
"1068","1047","3","2024-03-14"
"1069","551","2","2024-09-10"
"1070","198","2","2023-06-24"
"1071","318","1","2024-01-31"
"1072","481","3","2025-07-11"
"1073","58","1","2024-04-21"
"1074","874","1","2024-02-18"
"1075","67","3","2025-03-26"
"1076","205","3","2024-02-15"
"1077","532","3","2025-09-17"
"1078","909","3","2026-02-04"
"1079","955","1","2023-09-15"
"1080","389","2","2023-08-26"
"1081","702","3","2026-05-07"
"1082","244","2","2024-06-23"
"1083","725","1","2023-07-21"
"1084","729","2","2023-04-02"
"1085","87","2","2024-02-29"
"1086","930","1","2023-08-16"
"1087","494","3","2025-03-28"
"1088","333","2","2024-09-19"
"1089","184","1","2023-02-20"
"1090","746","2","2024-09-27"
"1091","308","1","2026-05-08"
"1092","586","2","2025-05-05"
"1093","855","4","2024-08-21"
"1094","679","1","2025-04-25"
"1095","334","1","2023-02-26"
"1096","188","2","2024-10-07"
"1097","130","1","2023-09-08"
"1098","184","1","2025-11-18"
"1099","5","4","2025-06-25"
"1100","280","2","2025-05-01"
"1101","225","2","2024-11-15"
"1102","545","3","2024-04-26"
"1103","490","3","2024-10-13"
"1104","458","3","2026-07-07"
"1105","320","2","2026-06-09"
"1106","262","2","2023-08-27"
"1107","258","2","2023-08-09"
"1108","169","1","2025-09-01"
"1109","564","1","2023-07-20"
"1110","1088","2","2024-11-30"
"1111","1018","1","2026-02-21"
"1112","66","1","2023-02-20"
"1113","1031","3","2024-01-02"
"1114","956","1","2025-06-15"
"1115","750","4","2025-10-26"
"1116","178","1","2023-04-18"
"1117","110","1","2024-02-27"
"1118","534","1","2023-10-29"
"1119","380","3","2023-07-08"
"1120","875","3","2024-06-18"
"1121","827","3","2025-11-20"
"1122","326","2","2024-08-03"
"1123","592","1","2023-05-26"
"1124","294","2","2025-07-05"
"1125","781","2","2023-05-27"
"1126","74","2","2023-09-07"
"1127","791","3","2023-09-06"
"1128","956","1","2024-12-08"
"1129","947","3","2024-07-27"
"1130","86","1","2024-06-10"
"1131","873","2","2024-10-18"
"1132","602","1","2025-01-05"
"1133","749","1","2025-07-24"
"1134","414","2","2026-05-14"
"1135","387","3","2026-02-07"
"1136","453","3","2023-03-04"
"1137","600","3","2025-09-27"
"1138","819","1","2023-08-31"
"1139","401","2","2026-05-03"
"1140","696","2","2025-05-28"
"1141","169","2","2023-11-12"
"1142","564","3","2024-08-19"
"1143","127","2","2025-06-20"
"1144","497","3","2025-06-06"
"1145","1017","1","2024-07-09"
"1146","1000","1","2023-08-05"
"1147","211","3","2025-11-13"
"1148","1002","2","2025-05-23"
"1149","249","1","2024-04-24"
"1150","668","3","2025-11-10"
"1151","1063","3","2024-05-24"
"1152","250","1","2023-08-18"
"1153","198","2","2025-10-24"
"1154","770","3","2026-04-21"
"1155","345","4","2023-03-22"
"1156","979","2","2023-04-21"
"1157","743","1","2024-05-16"
"1158","254","3","2025-11-15"
"1159","165","2","2024-04-05"
"1160","949","3","2023-09-09"
"1161","82","3","2025-05-10"
"1162","1006","3","2025-12-24"
"1163","7","1","2026-03-17"
"1164","1082","1","2025-05-27"
"1165","1103","3","2023-07-29"
"1166","524","4","2026-05-07"
"1167","93","2","2025-01-04"
"1168","806","2","2023-06-16"
"1169","465","3","2025-11-06"
"1170","707","1","2026-05-28"
"1171","976","3","2025-05-09"
"1172","166","3","2024-12-13"
"1173","766","4","2023-06-24"
"1174","1087","2","2023-10-25"
"1175","197","2","2023-11-03"
"1176","97","1","2025-01-30"
"1177","510","1","2026-04-10"
"1178","632","1","2024-01-19"
"1179","1094","3","2023-01-27"
"1180","441","4","2026-01-20"
"1181","234","3","2024-08-27"
"1182","722","1","2026-06-20"
"1183","159","1","2024-02-08"
"1184","644","2","2025-10-11"
"1185","648","1","2024-06-17"
"1186","224","1","2025-02-16"
"1187","613","1","2024-12-07"
"1188","1108","3","2024-09-28"
"1189","98","1","2025-11-13"
"1190","533","2","2026-04-22"
"1191","410","3","2025-06-08"
"1192","361","2","2026-05-06"
"1193","151","1","2024-09-09"
"1194","1004","4","2024-02-05"
"1195","287","2","2024-03-05"
"1196","903","3","2025-10-08"
"1197","699","1","2025-06-29"
"1198","765","4","2023-01-26"
"1199","232","3","2025-10-09"
"1200","946","3","2024-02-28"
"1201","708","3","2026-01-27"
"1202","850","1","2024-06-05"
"1203","820","3","2025-12-17"
"1204","32","3","2026-05-28"
"1205","754","3","2024-02-11"
"1206","617","1","2023-11-20"
"1207","278","2","2024-03-11"
"1208","591","1","2023-06-30"
"1209","813","2","2024-02-16"
"1210","277","3","2023-07-13"
"1211","939","3","2026-03-05"
"1212","456","1","2024-08-07"
"1213","1019","1","2025-08-19"
"1214","253","1","2026-04-18"
"1215","692","3","2023-01-03"
"1216","1078","1","2024-11-07"
"1217","151","1","2023-08-31"
"1218","109","1","2023-07-12"
"1219","1015","2","2025-02-22"
"1220","477","4","2023-01-04"
"1221","44","1","2023-07-07"
"1222","64","4","2026-05-12"
"1223","840","3","2024-02-06"
"1224","770","3","2024-05-12"
"1225","244","2","2023-10-15"
"1226","135","3","2025-10-29"
"1227","1115","1","2026-03-03"
"1228","15","3","2024-07-09"
"1229","973","1","2023-05-17"
"1230","693","3","2023-03-25"
"1231","166","3","2024-09-03"
"1232","581","3","2024-05-24"
"1233","1026","1","2024-07-25"
"1234","704","1","2025-02-04"
"1235","398","3","2025-07-30"
"1236","1041","2","2026-02-01"
"1237","426","2","2024-10-30"
"1238","783","1","2025-06-16"
"1239","1028","2","2025-09-18"
"1240","791","2","2025-02-05"
"1241","1093","2","2024-06-04"
"1242","734","2","2026-04-18"
"1243","1110","2","2026-06-12"
"1244","78","2","2024-01-08"
"1245","865","3","2024-07-11"
"1246","164","1","2023-11-02"
"1247","616","1","2025-08-18"
"1248","707","3","2025-10-28"
"1249","630","2","2026-03-11"
"1250","342","4","2023-03-29"
"1251","748","1","2025-08-04"
"1252","521","1","2025-04-23"
"1253","1111","3","2024-04-01"
"1254","441","1","2026-07-05"
"1255","1101","1","2024-07-29"
"1256","997","2","2023-06-19"
"1257","458","2","2024-02-10"
"1258","493","3","2023-04-22"
"1259","907","1","2025-11-02"
"1260","37","3","2023-05-08"
"1261","919","2","2025-05-11"
"1262","712","3","2025-05-14"
"1263","1039","3","2023-02-02"
"1264","825","4","2023-01-07"
"1265","141","1","2026-05-16"
"1266","648","4","2026-04-14"
"1267","15","2","2024-07-02"
"1268","672","4","2023-06-25"
"1269","537","1","2024-03-03"
"1270","403","4","2024-12-20"
"1271","201","1","2026-03-25"
"1272","346","2","2024-08-23"
"1273","175","1","2023-07-14"
"1274","58","3","2026-03-22"
"1275","584","4","2025-06-18"
"1276","1109","1","2024-07-27"
"1277","263","1","2024-07-03"
"1278","2","1","2023-08-01"
"1279","44","1","2025-08-28"
"1280","344","3","2023-12-13"
"1281","711","1","2023-04-11"
"1282","481","2","2025-04-10"
"1283","696","1","2026-06-25"
"1284","764","1","2024-10-18"
"1285","688","2","2023-08-29"
"1286","165","2","2025-11-18"
"1287","143","2","2023-03-10"
"1288","1057","2","2023-08-25"
"1289","1045","2","2023-08-06"
"1290","743","1","2023-07-15"
"1291","542","1","2023-02-27"
"1292","493","1","2023-08-01"
"1293","917","1","2023-12-22"
"1294","89","3","2024-07-18"
"1295","485","1","2024-05-01"
"1296","172","4","2024-11-15"
"1297","925","1","2023-07-31"
"1298","729","4","2023-06-23"
"1299","503","4","2023-06-03"
"1300","472","1","2026-03-20"
"1301","702","4","2024-04-29"
"1302","636","2","2024-09-08"
"1303","271","3","2024-03-09"
"1304","981","1","2024-12-04"
"1305","684","1","2025-03-20"
"1306","143","2","2024-08-29"
"1307","311","2","2023-03-23"
"1308","749","1","2026-05-09"
"1309","549","4","2025-11-20"
"1310","111","2","2025-08-05"
"1311","479","4","2025-06-30"
"1312","713","2","2026-05-08"
"1313","979","1","2025-04-06"
"1314","903","1","2026-02-12"
"1315","1072","1","2024-02-20"
"1316","316","4","2024-06-21"
"1317","817","2","2025-04-10"
"1318","42","3","2024-02-16"
"1319","821","3","2023-02-06"
"1320","1099","1","2024-03-20"
"1321","167","4","2023-04-03"
"1322","1055","3","2025-01-16"
"1323","650","4","2025-08-16"
"1324","724","1","2023-11-21"
"1325","1041","3","2026-02-28"
"1326","247","2","2024-10-17"
"1327","1109","1","2025-10-18"
"1328","850","2","2024-02-07"
"1329","359","3","2024-10-23"
"1330","749","1","2026-04-08"
"1331","325","2","2026-06-11"
"1332","308","1","2023-11-26"
"1333","770","3","2023-06-24"
"1334","350","1","2024-10-26"
"1335","858","1","2025-06-01"
"1336","6","1","2025-11-07"
"1337","689","3","2026-06-17"
"1338","1114","2","2023-01-10"
"1339","666","2","2025-12-06"
"1340","135","3","2023-03-10"
"1341","1040","1","2026-02-07"
"1342","748","2","2024-09-23"
"1343","838","2","2023-03-22"
"1344","807","2","2025-05-29"
"1345","848","2","2024-12-08"
"1346","436","3","2025-12-22"
"1347","195","3","2023-09-28"
"1348","327","3","2025-12-12"
"1349","690","2","2026-07-01"
"1350","1109","2","2025-09-20"
"1351","712","3","2025-02-22"
"1352","112","3","2024-09-14"
"1353","281","1","2024-04-19"
"1354","554","3","2024-03-19"
"1355","601","2","2024-09-30"
"1356","1043","3","2023-07-29"
"1357","693","2","2024-12-20"
"1358","550","2","2024-09-30"
"1359","259","2","2026-04-28"
"1360","3","1","2023-09-26"
"1361","118","3","2024-07-27"
"1362","484","2","2025-01-02"
"1363","18","3","2025-08-17"
"1364","252","2","2026-04-20"
"1365","470","3","2025-07-31"
"1366","977","1","2023-01-20"
"1367","431","1","2025-01-05"
"1368","320","2","2026-01-14"
"1369","534","4","2023-03-06"
"1370","223","3","2024-11-16"
"1371","420","3","2025-11-08"
"1372","519","3","2024-05-29"
"1373","269","4","2023-10-18"
"1374","309","3","2026-01-15"
"1375","1026","4","2024-07-27"
"1376","1062","1","2025-12-29"
"1377","1031","2","2024-11-24"
"1378","585","2","2023-09-29"
"1379","233","1","2024-03-03"
"1380","1013","1","2026-07-13"
"1381","1103","2","2023-10-03"
"1382","748","1","2025-05-11"
"1383","154","3","2023-01-15"
"1384","680","1","2026-01-29"
"1385","868","3","2026-02-21"
"1386","633","1","2023-05-10"
"1387","89","2","2025-11-02"
"1388","440","2","2024-10-12"
"1389","230","3","2025-10-27"
"1390","484","1","2024-12-03"
"1391","321","1","2023-10-08"
"1392","1038","3","2024-04-07"
"1393","951","3","2024-10-18"
"1394","548","4","2023-01-27"
"1395","585","2","2025-10-02"
"1396","964","1","2024-08-22"
"1397","590","4","2024-04-24"
"1398","440","1","2026-07-17"
"1399","248","3","2023-03-01"
"1400","136","2","2024-02-18"
"1401","724","1","2025-08-06"
"1402","370","2","2025-07-06"
"1403","674","4","2025-12-22"
"1404","935","1","2024-07-26"
"1405","126","2","2023-07-03"
"1406","892","2","2023-10-09"
"1407","240","1","2023-04-09"
"1408","876","1","2024-04-17"
"1409","961","3","2026-05-08"
"1410","617","1","2024-08-25"
"1411","830","1","2024-06-05"
"1412","90","1","2025-09-30"
"1413","704","4","2024-10-16"
"1414","452","3","2025-05-13"
"1415","364","2","2025-11-10"
"1416","1107","1","2026-06-12"
"1417","1011","1","2024-02-20"
"1418","996","3","2025-12-08"
"1419","817","3","2023-08-22"
"1420","656","2","2023-04-23"
"1421","683","2","2026-01-16"
"1422","652","3","2023-11-20"
"1423","665","3","2026-07-07"
"1424","811","2","2023-03-21"
"1425","794","1","2025-08-10"
"1426","264","2","2023-08-18"
"1427","612","2","2023-01-19"
"1428","1028","2","2024-02-17"
"1429","60","1","2025-11-06"
"1430","828","1","2023-02-11"
"1431","803","2","2023-12-13"
"1432","985","3","2025-12-19"
"1433","587","3","2025-10-31"
"1434","1097","1","2025-05-08"
"1435","282","1","2024-02-18"
"1436","781","1","2025-04-14"
"1437","717","2","2025-06-08"
"1438","133","3","2023-08-12"
"1439","1020","1","2023-10-02"
"1440","931","2","2024-02-08"
"1441","950","1","2025-02-24"
"1442","120","3","2025-04-24"
"1443","865","1","2026-04-12"
"1444","688","1","2026-06-20"
"1445","957","3","2023-12-21"
"1446","197","3","2025-04-12"
"1447","484","2","2026-05-18"
"1448","370","2","2026-06-24"
"1449","439","2","2023-05-07"
"1450","321","4","2025-11-11"
"1451","363","3","2023-09-20"
"1452","459","4","2025-11-27"
"1453","1102","2","2023-05-28"
"1454","178","1","2024-09-14"
"1455","431","2","2023-03-25"
"1456","386","2","2025-12-08"
"1457","928","2","2024-07-14"
"1458","243","3","2025-05-24"
"1459","371","3","2024-05-03"
"1460","740","3","2023-08-21"
"1461","770","2","2026-07-03"
"1462","1108","2","2025-09-29"
"1463","555","1","2023-05-02"
"1464","458","1","2024-04-16"
"1465","180","3","2024-06-27"
"1466","426","1","2024-05-23"
"1467","1030","1","2023-07-29"
"1468","939","1","2025-04-08"
"1469","774","2","2026-03-05"
"1470","202","1","2023-10-30"
"1471","435","1","2025-03-10"
"1472","67","1","2025-05-22"
"1473","696","3","2025-12-02"
"1474","696","1","2023-02-12"
"1475","662","2","2025-10-06"
"1476","1123","2","2023-02-23"
"1477","92","4","2023-08-10"
"1478","756","1","2025-12-03"
"1479","956","1","2025-02-10"
"1480","977","1","2024-06-13"
"1481","64","3","2023-02-20"
"1482","360","4","2025-09-22"
"1483","705","3","2023-01-07"
"1484","249","1","2024-05-25"
"1485","921","3","2023-02-09"
"1486","251","1","2025-06-23"
"1487","991","4","2023-11-24"
"1488","955","3","2026-06-15"
"1489","868","2","2024-10-18"
"1490","697","2","2023-07-03"
"1491","705","1","2025-08-03"
"1492","866","3","2023-10-23"
"1493","31","1","2025-01-15"
"1494","1000","4","2023-11-02"
"1495","648","1","2023-12-11"
"1496","571","3","2024-01-21"
"1497","18","1","2024-09-12"
"1498","216","1","2023-07-27"
"1499","268","1","2024-07-29"
"1500","432","2","2025-06-26"
"1501","1061","3","2024-03-30"
"1502","745","2","2025-05-28"
"1503","451","4","2024-09-11"
"1504","685","2","2025-10-25"
"1505","102","3","2025-10-16"
"1506","199","2","2025-01-07"
"1507","510","1","2023-11-06"
"1508","837","1","2026-02-06"
"1509","778","4","2025-03-06"
"1510","387","4","2025-01-26"
"1511","10","2","2025-09-08"
"1512","372","3","2023-06-21"
"1513","318","3","2024-07-03"
"1514","1029","3","2025-08-22"
"1515","944","1","2025-10-11"
"1516","723","4","2025-11-14"
"1517","909","1","2025-02-05"
"1518","282","1","2023-01-16"
"1519","1051","1","2025-11-25"
"1520","824","2","2025-07-06"
"1521","34","1","2024-03-11"
"1522","354","2","2025-12-17"
"1523","533","3","2026-07-13"
"1524","984","2","2023-06-03"
"1525","602","1","2024-07-28"
"1526","213","2","2023-10-11"
"1527","879","3","2024-11-07"
"1528","635","2","2025-03-01"
"1529","1042","3","2024-07-02"
"1530","23","1","2023-01-01"
"1531","148","2","2026-04-25"
"1532","1069","1","2026-01-03"
"1533","996","4","2023-01-16"
"1534","826","3","2025-11-02"
"1535","597","3","2023-07-17"
"1536","809","3","2023-02-13"
"1537","777","1","2026-05-10"
"1538","656","2","2023-10-18"
"1539","762","4","2025-03-11"
"1540","134","1","2026-03-18"
"1541","466","2","2025-08-08"
"1542","1036","1","2026-04-22"
"1543","396","2","2024-04-29"
"1544","389","1","2024-03-13"
"1545","437","2","2024-03-24"
"1546","1064","2","2025-05-13"
"1547","782","1","2024-07-10"
"1548","425","3","2025-04-02"
"1549","774","3","2025-04-15"
"1550","742","3","2023-02-16"
"1551","97","2","2024-03-28"
"1552","275","1","2025-09-24"
"1553","577","1","2025-05-07"
"1554","259","3","2025-08-06"
"1555","473","3","2025-08-13"
"1556","450","3","2025-06-17"
"1557","533","4","2025-10-23"
"1558","998","2","2025-12-28"
"1559","396","2","2023-12-31"
"1560","1031","3","2025-11-18"
"1561","98","1","2024-11-06"
"1562","274","1","2023-09-20"
"1563","764","1","2023-05-07"
"1564","174","3","2025-03-14"
"1565","178","1","2025-09-21"
"1566","299","3","2026-07-05"
"1567","637","2","2024-07-09"
"1568","280","1","2023-10-16"
"1569","700","1","2025-06-08"
"1570","1031","1","2024-11-29"
"1571","617","2","2026-02-27"
"1572","841","1","2024-03-25"
"1573","172","2","2025-06-07"
"1574","299","2","2025-10-30"
"1575","575","1","2026-04-12"
"1576","871","1","2025-09-05"
"1577","267","2","2026-01-05"
"1578","400","4","2025-04-26"
"1579","523","2","2024-11-25"
"1580","807","2","2025-05-05"
"1581","58","1","2024-06-13"
"1582","1086","1","2024-06-02"
"1583","661","2","2023-09-28"
"1584","722","3","2025-03-21"
"1585","916","2","2023-07-01"
"1586","84","1","2026-01-29"
"1587","497","1","2023-12-02"
"1588","19","2","2024-07-16"
"1589","112","1","2023-02-23"
"1590","353","1","2023-07-19"
"1591","517","4","2024-01-07"
"1592","127","1","2024-12-06"
"1593","135","1","2026-01-30"
"1594","298","1","2023-07-17"
"1595","994","4","2023-08-13"
"1596","145","3","2023-09-01"
"1597","550","3","2023-03-17"
"1598","888","2","2025-07-13"
"1599","49","2","2025-12-02"
"1600","314","2","2026-06-02"
"1601","702","1","2025-07-16"
"1602","706","4","2025-04-03"
"1603","130","1","2024-09-11"
"1604","322","2","2026-07-02"
"1605","1076","1","2025-12-07"
"1606","585","2","2024-07-30"
"1607","955","3","2024-03-15"
"1608","1047","2","2025-02-04"
"1609","993","3","2026-06-01"
"1610","537","2","2023-01-13"
"1611","282","2","2026-02-04"
"1612","419","1","2023-11-26"
"1613","315","1","2026-02-19"
"1614","141","4","2023-07-01"
"1615","682","1","2024-01-01"
"1616","123","2","2025-12-03"
"1617","695","3","2026-05-05"
"1618","393","2","2025-02-11"
"1619","135","3","2024-10-21"
"1620","1070","1","2023-08-09"
"1621","340","4","2026-03-16"
"1622","758","2","2023-11-17"
"1623","329","2","2024-11-06"
"1624","64","1","2023-01-22"
"1625","919","1","2026-04-08"
"1626","954","1","2025-02-12"
"1627","174","1","2023-04-26"
"1628","835","3","2023-07-04"
"1629","688","2","2023-10-03"
"1630","850","1","2025-10-12"
"1631","173","1","2023-06-07"
"1632","87","1","2024-06-17"
"1633","181","3","2025-02-23"
"1634","635","1","2025-11-16"
"1635","900","2","2023-12-11"
"1636","922","1","2026-01-27"
"1637","114","2","2025-10-12"
"1638","445","2","2024-01-05"
"1639","292","2","2024-07-27"
"1640","639","4","2024-08-04"
"1641","676","4","2024-03-17"
"1642","464","1","2024-04-20"
"1643","81","1","2025-03-23"
"1644","390","4","2024-10-17"
"1645","228","3","2023-06-01"
"1646","853","4","2023-03-24"
"1647","331","1","2025-10-26"
"1648","1004","4","2025-11-20"
"1649","987","3","2024-01-01"
"1650","458","1","2023-03-05"
"1651","428","1","2024-04-20"
"1652","732","1","2023-09-12"
"1653","875","1","2023-08-23"
"1654","351","2","2023-03-25"
"1655","90","1","2023-04-08"
"1656","880","2","2023-11-27"
"1657","1083","1","2025-10-06"
"1658","439","1","2025-05-30"
"1659","29","1","2024-07-04"
"1660","220","2","2026-06-23"
"1661","767","4","2025-11-11"
"1662","60","1","2025-05-17"
"1663","68","3","2023-02-07"
"1664","563","1","2024-01-02"
"1665","281","1","2026-06-04"
"1666","263","4","2023-08-11"
"1667","1093","1","2025-11-10"
"1668","1092","3","2026-02-23"
"1669","932","2","2025-10-02"
"1670","151","3","2026-01-10"
"1671","42","2","2026-03-20"
"1672","241","1","2025-01-06"
"1673","189","3","2023-12-07"
"1674","478","4","2025-03-11"
"1675","728","3","2025-01-16"
"1676","1015","1","2026-03-08"
"1677","578","1","2024-02-03"
"1678","200","1","2026-03-07"
"1679","798","1","2025-06-22"
"1680","441","2","2025-01-19"
"1681","590","2","2025-12-18"
"1682","815","1","2024-05-26"
"1683","830","4","2025-07-26"
"1684","150","3","2023-10-15"
"1685","1025","1","2024-07-26"
"1686","158","2","2026-04-25"
"1687","436","4","2025-10-02"
"1688","938","3","2023-05-29"
"1689","1016","3","2023-10-21"
"1690","602","4","2024-03-05"
"1691","922","2","2024-09-17"
"1692","663","1","2023-06-12"
"1693","739","3","2026-02-17"
"1694","475","1","2024-10-12"
"1695","93","3","2025-05-21"
"1696","310","2","2025-08-07"
"1697","1093","1","2025-04-11"
"1698","669","3","2025-06-07"
"1699","691","2","2025-07-24"
"1700","861","4","2026-02-07"
"1701","109","1","2024-04-22"
"1702","477","2","2024-05-30"
"1703","362","1","2025-07-23"
"1704","326","2","2025-06-06"
"1705","520","3","2023-11-15"
"1706","702","2","2024-06-05"
"1707","57","3","2026-04-01"
"1708","736","2","2023-03-12"
"1709","693","4","2026-03-16"
"1710","927","2","2025-05-09"
"1711","730","3","2024-06-07"
"1712","294","2","2023-01-31"
"1713","69","3","2025-09-24"
"1714","828","3","2025-06-18"
"1715","945","2","2023-03-16"
"1716","341","3","2023-02-10"
"1717","411","2","2025-09-01"
"1718","804","3","2023-10-09"
"1719","797","3","2024-02-23"
"1720","744","2","2025-05-02"
"1721","980","2","2023-03-11"
"1722","379","1","2025-01-31"
"1723","175","1","2025-09-04"
"1724","285","1","2023-05-12"
"1725","1048","2","2025-08-22"
"1726","276","3","2024-06-24"
"1727","799","2","2025-08-23"
"1728","792","4","2024-04-21"
"1729","1106","3","2023-08-14"
"1730","1045","2","2025-01-27"
"1731","1010","2","2023-03-23"
"1732","517","1","2023-06-07"
"1733","298","3","2024-04-21"
"1734","517","2","2023-02-11"
"1735","966","4","2023-05-09"
"1736","539","1","2023-05-08"
"1737","1074","4","2023-05-01"
"1738","92","1","2024-07-09"
"1739","881","3","2023-01-23"
"1740","62","1","2025-08-25"
"1741","586","3","2026-03-13"
"1742","661","1","2024-05-25"
"1743","229","3","2025-08-16"
"1744","999","1","2026-05-23"
"1745","711","2","2023-11-30"
"1746","610","2","2024-07-20"
"1747","569","3","2025-07-13"
"1748","908","3","2025-04-11"
"1749","36","1","2024-08-06"
"1750","730","1","2024-10-28"
"1751","17","2","2024-04-15"
"1752","1016","3","2025-08-28"
"1753","604","2","2024-01-19"
"1754","141","3","2025-03-14"
"1755","1111","3","2024-12-15"
"1756","991","3","2024-05-23"
"1757","521","3","2024-02-22"
"1758","650","1","2025-06-07"
"1759","715","3","2025-12-05"
"1760","518","1","2023-04-27"
"1761","23","2","2024-06-29"
"1762","642","1","2023-06-16"
"1763","731","2","2023-10-17"
"1764","396","2","2023-06-26"
"1765","679","2","2023-12-02"
"1766","19","3","2025-12-21"
"1767","1015","1","2026-04-01"
"1768","750","3","2025-04-24"
"1769","551","2","2025-12-03"
"1770","812","2","2023-02-03"
"1771","371","3","2024-05-16"
"1772","347","1","2023-12-31"
"1773","870","1","2025-02-09"
"1774","1123","4","2026-04-25"
"1775","172","3","2024-11-04"
"1776","128","2","2024-05-20"
"1777","114","1","2025-06-29"
"1778","812","2","2025-07-11"
"1779","856","2","2025-07-22"
"1780","1008","2","2024-09-25"
"1781","79","3","2023-11-08"
"1782","76","4","2025-06-10"
"1783","619","3","2026-05-01"
"1784","970","2","2023-03-23"
"1785","1115","3","2023-06-04"
"1786","458","2","2024-06-07"
"1787","571","1","2025-05-06"
"1788","884","4","2023-03-03"
"1789","831","3","2026-04-17"
"1790","1060","4","2023-01-23"
"1791","361","2","2025-04-20"
"1792","986","2","2026-01-02"
"1793","540","3","2026-01-31"
"1794","1118","3","2023-09-03"
"1795","215","3","2023-07-22"
"1796","435","3","2025-06-04"
"1797","388","3","2023-08-01"
"1798","1119","1","2023-01-27"
"1799","865","2","2025-11-03"
"1800","610","2","2024-05-13"
"1801","1057","2","2025-12-17"
"1802","883","3","2025-10-25"
"1803","834","3","2023-05-23"
"1804","1046","1","2023-01-10"
"1805","986","1","2024-09-09"
"1806","920","3","2024-07-02"
"1807","785","1","2024-02-25"
"1808","564","1","2024-11-05"
"1809","369","2","2025-01-21"
"1810","105","2","2025-05-01"
"1811","1080","1","2025-07-16"
"1812","121","4","2024-01-17"
"1813","355","1","2024-09-11"
"1814","1081","3","2024-09-16"
"1815","767","2","2023-07-19"
"1816","1060","1","2025-08-08"
"1817","905","1","2023-05-12"
"1818","389","2","2023-03-01"
"1819","503","2","2023-01-15"
"1820","805","1","2026-06-15"
"1821","688","2","2023-11-01"
"1822","1123","2","2026-02-01"
"1823","470","4","2024-11-23"
"1824","322","1","2025-02-28"
"1825","637","1","2025-03-04"
"1826","434","3","2026-04-03"
"1827","233","2","2025-12-21"
"1828","361","1","2026-01-08"
"1829","701","1","2023-08-29"
"1830","1113","3","2024-01-20"
"1831","270","4","2024-10-01"
"1832","986","1","2023-12-15"
"1833","559","2","2025-03-01"
"1834","635","3","2025-09-10"
"1835","817","3","2025-06-18"
"1836","691","1","2023-08-07"
"1837","428","1","2025-12-30"
"1838","283","2","2023-08-28"
"1839","303","1","2024-03-05"
"1840","1050","2","2026-07-07"
"1841","5","1","2024-03-21"
"1842","799","3","2023-02-27"
"1843","15","2","2023-05-22"
"1844","455","2","2026-07-14"
"1845","747","2","2024-10-29"
"1846","653","2","2025-04-14"
"1847","103","4","2026-03-11"
"1848","943","4","2026-01-17"
"1849","422","4","2023-12-22"
"1850","408","3","2026-02-26"
"1851","286","1","2023-06-25"
"1852","973","4","2025-12-02"
"1853","269","2","2025-10-10"
"1854","307","1","2024-04-02"
"1855","211","3","2026-04-11"
"1856","910","2","2023-04-28"
"1857","628","3","2025-07-23"
"1858","269","1","2026-06-30"
"1859","73","1","2024-12-29"
"1860","441","2","2025-12-08"
"1861","174","1","2025-08-17"
"1862","738","2","2025-07-10"
"1863","172","1","2024-02-09"
"1864","523","3","2025-07-12"
"1865","180","1","2024-03-20"
"1866","519","2","2025-03-10"
"1867","69","3","2024-09-06"
"1868","867","3","2023-09-23"
"1869","1047","4","2025-04-07"
"1870","440","3","2024-09-02"
"1871","361","1","2024-11-01"
"1872","195","2","2023-08-20"
"1873","806","1","2026-06-04"
"1874","394","1","2025-11-05"
"1875","206","1","2025-08-29"
"1876","504","3","2024-01-21"
"1877","695","1","2023-05-09"
"1878","1039","2","2024-05-21"
"1879","744","3","2024-02-17"
"1880","488","2","2025-08-21"
"1881","247","1","2025-07-28"
"1882","512","3","2026-06-03"
"1883","696","1","2025-07-12"
"1884","592","1","2023-01-14"
"1885","234","2","2025-11-05"
"1886","1016","1","2024-09-19"
"1887","966","2","2026-06-18"
"1888","466","3","2024-05-14"
"1889","820","2","2023-09-23"
"1890","598","3","2023-06-11"
"1891","879","3","2023-12-07"
"1892","19","2","2025-06-02"
"1893","337","1","2023-10-10"
"1894","312","4","2024-04-19"
"1895","888","2","2025-12-22"
"1896","886","3","2024-01-20"
"1897","761","3","2025-10-01"
"1898","273","3","2025-02-03"
"1899","637","1","2026-02-05"
"1900","100","1","2026-06-29"
"1901","761","4","2023-06-20"
"1902","127","2","2024-02-03"
"1903","178","3","2023-03-29"
"1904","514","4","2024-10-05"
"1905","143","3","2026-07-09"
"1906","654","3","2023-12-15"
"1907","825","1","2024-07-26"
"1908","231","2","2024-05-04"
"1909","9","2","2026-06-17"
"1910","711","3","2023-03-24"
"1911","53","1","2023-10-15"
"1912","231","2","2025-11-24"
"1913","396","3","2023-12-14"
"1914","1025","3","2024-12-31"
"1915","461","1","2026-02-10"
"1916","294","1","2025-03-27"
"1917","877","2","2025-11-27"
"1918","416","2","2024-11-17"
"1919","689","1","2024-09-05"
"1920","1","3","2024-10-23"
"1921","198","2","2025-05-15"
"1922","885","1","2023-02-20"
"1923","607","3","2024-05-08"
"1924","1051","3","2025-03-01"
"1925","210","2","2024-12-05"
"1926","662","1","2024-09-04"
"1927","172","2","2025-09-11"
"1928","210","4","2026-05-17"
"1929","965","1","2024-08-17"
"1930","1053","1","2023-11-29"
"1931","527","1","2024-08-22"
"1932","55","1","2023-04-16"
"1933","663","2","2026-06-02"
"1934","1022","1","2025-12-30"
"1935","1113","2","2024-03-19"
"1936","829","3","2025-06-24"
"1937","11","1","2024-04-14"
"1938","793","3","2025-06-27"
"1939","346","1","2024-11-02"
"1940","599","4","2024-03-16"
"1941","13","2","2026-06-14"
"1942","228","4","2025-01-19"
"1943","41","3","2023-08-04"
"1944","1","2","2026-05-22"
"1945","985","1","2024-05-30"
"1946","689","2","2024-08-31"
"1947","1086","1","2025-01-23"
"1948","1038","2","2026-02-28"
"1949","1050","4","2025-02-11"
"1950","1074","1","2025-05-03"
"1951","592","2","2023-09-11"
"1952","744","1","2024-05-24"
"1953","1059","4","2025-02-09"
"1954","526","3","2026-02-08"
"1955","884","2","2023-03-30"
"1956","818","3","2024-01-15"
"1957","467","4","2026-07-03"
"1958","552","4","2025-09-09"
"1959","862","1","2023-06-09"
"1960","664","2","2024-07-28"
"1961","688","1","2024-05-14"
"1962","626","2","2024-03-11"
"1963","444","2","2024-06-26"
"1964","39","1","2023-03-21"
"1965","1115","2","2024-01-12"
"1966","515","1","2026-01-22"
"1967","11","1","2024-12-23"
"1968","181","1","2024-03-18"
"1969","760","1","2026-03-18"
"1970","626","3","2025-03-02"
"1971","48","2","2024-04-12"
"1972","747","2","2026-02-12"
"1973","993","1","2023-09-20"
"1974","1123","1","2024-06-25"
"1975","215","1","2025-09-13"
"1976","1028","1","2026-05-07"
"1977","814","3","2024-07-20"
"1978","545","4","2025-07-05"
"1979","1036","1","2026-03-01"
"1980","817","1","2023-09-16"
"1981","465","2","2026-05-31"
"1982","58","2","2026-07-12"
"1983","14","3","2025-12-30"
"1984","757","4","2025-09-06"
"1985","833","1","2025-06-08"
"1986","21","1","2024-07-15"
"1987","53","4","2023-08-04"
"1988","821","2","2025-01-24"
"1989","805","1","2023-03-10"
"1990","957","3","2023-05-07"
"1991","947","2","2023-08-31"
"1992","319","1","2025-01-25"
"1993","286","1","2023-11-01"
"1994","1049","1","2025-10-28"
"1995","1006","3","2023-11-27"
"1996","102","1","2025-03-10"
"1997","537","2","2026-06-13"
"1998","693","3","2024-08-17"
"1999","477","1","2025-11-29"
"2000","751","2","2025-01-24"
"2001","49","4","2026-06-13"
"2002","28","3","2025-01-29"
"2003","686","2","2025-10-09"
"2004","656","1","2024-07-02"
"2005","1067","3","2025-04-27"
"2006","441","2","2023-05-13"
"2007","822","2","2023-07-30"
"2008","953","3","2023-05-05"
"2009","221","3","2024-11-07"
"2010","350","1","2023-03-30"
"2011","228","4","2025-10-20"
"2012","176","3","2024-01-17"
"2013","1046","2","2026-01-11"
"2014","480","4","2024-06-28"
"2015","871","1","2023-08-29"
"2016","118","2","2025-07-11"
"2017","726","1","2024-02-29"
"2018","367","3","2023-12-14"
"2019","507","2","2026-06-23"
"2020","786","1","2026-06-21"
"2021","932","4","2025-09-23"
"2022","935","2","2026-03-04"
"2023","522","1","2023-02-20"
"2024","680","2","2025-01-29"
"2025","602","3","2026-03-16"
"2026","241","2","2025-08-30"
"2027","530","1","2023-10-26"
"2028","407","3","2025-12-20"
"2029","927","1","2023-02-02"
"2030","19","1","2026-01-22"
"2031","916","3","2023-06-19"
"2032","296","2","2026-02-22"
"2033","959","1","2024-05-22"
"2034","1026","3","2023-08-23"
"2035","1044","1","2024-11-10"
"2036","1032","1","2026-07-09"
"2037","124","1","2025-04-20"
"2038","838","4","2026-03-14"
"2039","272","2","2023-09-08"
"2040","345","2","2024-03-26"
"2041","563","1","2025-01-29"
"2042","479","3","2023-02-05"
"2043","177","3","2024-01-10"
"2044","77","1","2024-04-14"
"2045","994","4","2026-03-16"
"2046","49","4","2025-05-03"
"2047","144","1","2026-01-08"
"2048","252","2","2023-09-22"
"2049","616","3","2023-09-09"
"2050","555","1","2023-03-27"
"2051","310","1","2023-09-20"
"2052","840","1","2024-06-29"
"2053","488","2","2025-04-09"
"2054","404","3","2025-02-15"
"2055","78","2","2026-06-09"
"2056","415","2","2025-01-09"
"2057","194","2","2026-03-25"
"2058","180","1","2025-08-11"
"2059","708","1","2026-06-25"
"2060","702","2","2023-05-20"
"2061","690","2","2023-01-21"
"2062","321","4","2023-04-01"
"2063","939","3","2023-12-19"
"2064","482","1","2023-11-07"
"2065","394","1","2025-07-01"
"2066","544","4","2025-12-26"
"2067","451","2","2024-11-18"
"2068","683","1","2025-09-11"
"2069","899","1","2025-02-09"
"2070","318","1","2025-02-10"
"2071","480","1","2025-09-29"
"2072","335","2","2026-03-11"
"2073","565","1","2023-09-15"
"2074","49","2","2024-07-20"
"2075","1037","1","2025-04-21"
"2076","265","4","2025-02-04"
"2077","1044","2","2026-06-15"
"2078","165","3","2025-11-16"
"2079","709","1","2024-06-28"
"2080","192","2","2023-12-21"
"2081","426","3","2023-07-15"
"2082","44","3","2024-05-18"
"2083","186","3","2024-05-14"
"2084","623","1","2026-05-02"
"2085","111","1","2024-07-01"
"2086","202","2","2026-07-13"
"2087","673","1","2024-02-09"
"2088","257","1","2023-12-02"
"2089","566","2","2026-02-27"
"2090","555","3","2024-07-03"
"2091","972","3","2024-10-04"
"2092","693","1","2024-06-04"
"2093","424","2","2023-10-24"
"2094","17","1","2024-07-28"
"2095","563","3","2023-06-19"
"2096","383","4","2023-04-26"
"2097","1020","3","2024-10-11"
"2098","316","1","2024-05-24"
"2099","90","2","2023-07-23"
"2100","667","3","2026-03-13"
"2101","841","1","2023-07-28"
"2102","1003","3","2024-02-02"
"2103","1010","3","2024-11-30"
"2104","642","2","2026-06-11"
"2105","1043","1","2023-05-26"
"2106","976","1","2025-12-24"
"2107","1092","2","2025-10-14"
"2108","610","3","2025-06-27"
"2109","173","1","2024-01-11"
"2110","95","1","2025-06-13"
"2111","151","1","2025-10-17"
"2112","1069","2","2025-08-28"
"2113","962","2","2023-09-14"
"2114","860","1","2026-07-15"
"2115","97","1","2025-07-10"
"2116","1078","1","2024-09-16"
"2117","570","4","2025-02-04"
"2118","431","3","2025-02-26"
"2119","907","2","2023-10-30"
"2120","606","1","2025-01-03"
"2121","1124","3","2024-10-22"
"2122","576","1","2024-01-14"
"2123","694","1","2025-08-15"
"2124","50","1","2023-11-23"
"2125","828","3","2024-08-05"
"2126","1060","1","2025-12-06"
"2127","656","3","2023-08-09"
"2128","801","3","2025-08-10"
"2129","1115","1","2024-09-14"
"2130","709","3","2023-05-29"
"2131","710","3","2025-05-07"
"2132","433","2","2025-06-04"
"2133","1054","1","2023-08-10"
"2134","632","1","2025-02-26"
"2135","1012","1","2024-12-24"
"2136","807","1","2025-01-26"
"2137","907","4","2023-10-08"
"2138","584","1","2026-01-24"
"2139","288","3","2023-06-29"
"2140","1000","3","2024-06-20"
"2141","440","2","2024-01-22"
"2142","397","2","2024-04-12"
"2143","987","4","2024-03-12"
"2144","419","1","2023-05-25"
"2145","302","2","2026-04-30"
"2146","592","3","2026-04-04"
"2147","478","3","2023-11-07"
"2148","194","1","2026-02-07"
"2149","979","2","2024-09-20"
"2150","630","2","2026-04-19"
"2151","749","1","2023-08-29"
"2152","494","2","2025-04-12"
"2153","283","1","2026-05-27"
"2154","995","3","2023-09-05"
"2155","484","1","2026-05-22"
"2156","41","4","2024-10-14"
"2157","946","1","2023-01-08"
"2158","1039","1","2023-09-08"
"2159","92","1","2023-12-22"
"2160","295","1","2025-10-15"
"2161","251","3","2026-06-16"
"2162","179","1","2025-03-25"
"2163","672","1","2025-04-14"
"2164","339","2","2026-07-01"
"2165","222","1","2023-05-18"
"2166","674","3","2025-04-25"
"2167","657","1","2023-01-12"
"2168","963","2","2025-12-15"
"2169","472","2","2026-01-16"
"2170","459","2","2025-07-09"
"2171","1058","3","2025-05-06"
"2172","1006","4","2023-08-03"
"2173","594","2","2024-10-12"
"2174","751","3","2024-06-18"
"2175","1007","2","2023-08-10"
"2176","394","2","2023-03-19"
"2177","358","1","2025-07-30"
"2178","1031","2","2024-12-31"
"2179","84","1","2025-11-28"
"2180","97","2","2023-10-29"
"2181","891","2","2025-04-18"
"2182","374","4","2025-04-26"
"2183","1048","4","2025-10-16"
"2184","779","4","2024-10-24"
"2185","195","4","2024-05-04"
"2186","900","1","2025-07-26"
"2187","568","2","2025-07-06"
"2188","849","1","2025-07-28"
"2189","1113","1","2025-07-02"
"2190","530","1","2023-08-13"
"2191","177","2","2025-01-03"
"2192","1046","1","2025-07-04"
"2193","1015","1","2023-12-29"
"2194","855","1","2023-06-03"
"2195","344","3","2026-03-01"
"2196","1048","2","2026-01-15"
"2197","502","2","2026-07-18"
"2198","303","1","2025-02-04"
"2199","316","2","2024-11-17"
"2200","166","1","2023-02-04"
"2201","335","1","2023-08-02"
"2202","814","4","2023-01-04"
"2203","111","4","2025-04-07"
"2204","340","2","2023-08-31"
"2205","185","1","2024-06-27"
"2206","1056","1","2024-04-25"
"2207","488","3","2026-03-10"
"2208","69","2","2023-11-10"
"2209","487","2","2024-03-06"
"2210","358","3","2024-04-08"
"2211","840","2","2025-07-24"
"2212","1119","3","2023-09-07"
"2213","171","3","2025-07-02"
"2214","783","2","2023-10-20"
"2215","1064","1","2025-02-27"
"2216","1014","3","2023-11-25"
"2217","406","2","2025-09-14"
"2218","372","2","2023-08-18"
"2219","661","4","2024-08-10"
"2220","955","2","2024-01-19"
"2221","628","4","2024-11-28"
"2222","94","1","2024-07-07"
"2223","573","3","2025-08-17"
"2224","1067","2","2026-03-13"
"2225","1120","2","2023-09-01"
"2226","369","2","2026-01-24"
"2227","201","2","2026-02-09"
"2228","724","2","2023-12-08"
"2229","373","1","2023-11-03"
"2230","342","2","2024-04-24"
"2231","959","1","2023-08-05"
"2232","944","2","2024-11-18"
"2233","640","3","2024-09-15"
"2234","643","3","2023-11-14"
"2235","836","1","2026-03-30"
"2236","124","1","2023-10-13"
"2237","78","2","2024-06-22"
"2238","785","4","2024-02-05"
"2239","67","3","2025-02-06"
"2240","255","1","2025-10-20"
"2241","526","1","2024-01-17"
"2242","870","1","2024-03-30"
"2243","58","2","2024-03-27"
"2244","673","1","2026-06-19"
"2245","98","2","2026-06-13"
"2246","406","2","2023-06-18"
"2247","772","1","2024-01-03"
"2248","989","2","2025-07-27"
"2249","309","3","2025-11-13"
"2250","989","2","2023-09-25"
"2251","769","3","2023-08-04"
"2252","881","3","2024-05-18"
"2253","299","2","2023-05-06"
"2254","970","2","2024-08-12"
"2255","138","1","2025-09-12"
"2256","129","2","2025-08-24"
"2257","1094","1","2024-12-05"
"2258","516","3","2025-01-17"
"2259","256","4","2025-04-04"
"2260","828","1","2025-08-02"
"2261","252","3","2024-09-21"
"2262","969","2","2025-12-02"
"2263","85","2","2023-08-25"
"2264","291","4","2023-09-08"
"2265","944","1","2026-02-06"
"2266","734","1","2023-09-22"
"2267","560","3","2026-01-22"
"2268","103","2","2025-03-31"
"2269","1111","4","2023-05-27"
"2270","551","3","2023-03-25"
"2271","535","1","2026-07-14"
"2272","130","1","2023-05-04"
"2273","252","1","2025-12-28"
"2274","130","1","2025-02-12"
"2275","1033","3","2023-04-08"
"2276","588","3","2023-04-27"
"2277","108","1","2023-02-23"
"2278","972","3","2024-02-13"
"2279","1051","2","2025-01-08"
"2280","17","1","2024-07-28"
"2281","532","1","2023-07-24"
"2282","409","1","2025-05-27"
"2283","425","3","2024-11-12"
"2284","972","3","2025-05-08"
"2285","266","2","2025-12-15"
"2286","941","4","2024-04-05"
"2287","1051","2","2025-06-10"
"2288","73","3","2024-10-19"
"2289","824","1","2025-01-10"
"2290","1063","4","2025-01-29"
"2291","146","3","2023-08-13"
"2292","706","2","2026-02-22"
"2293","410","3","2025-08-13"
"2294","78","3","2025-06-24"
"2295","150","3","2026-05-05"
"2296","245","4","2024-04-24"
"2297","947","1","2023-07-29"
"2298","937","2","2024-04-05"
"2299","865","3","2024-03-01"
"2300","563","3","2023-07-01"
"2301","90","2","2026-02-08"
"2302","627","3","2025-05-06"
"2303","51","1","2024-01-20"
"2304","504","1","2025-11-18"
"2305","975","2","2026-06-28"
"2306","658","1","2025-11-13"
"2307","737","3","2026-02-16"
"2308","429","3","2025-12-06"
"2309","563","4","2024-02-16"
"2310","81","3","2026-01-05"
"2311","257","4","2026-01-29"
"2312","40","1","2026-01-08"
"2313","1073","3","2024-11-29"
"2314","817","1","2024-07-17"
"2315","125","2","2025-02-22"
"2316","1038","2","2026-03-16"
"2317","424","3","2023-06-03"
"2318","260","2","2025-12-17"
"2319","20","1","2024-09-05"
"2320","1103","1","2026-07-07"
"2321","1068","2","2025-06-16"
"2322","958","2","2023-11-21"
"2323","906","3","2024-06-19"
"2324","999","2","2026-01-19"
"2325","748","3","2025-03-06"
"2326","1070","3","2025-09-06"
"2327","1074","1","2023-05-17"
"2328","493","3","2025-04-26"
"2329","1060","1","2023-06-29"
"2330","588","1","2024-12-15"
"2331","1095","2","2023-03-18"
"2332","85","2","2026-04-12"
"2333","414","2","2026-01-02"
"2334","852","2","2024-12-11"
"2335","233","2","2024-10-01"
"2336","371","1","2025-11-17"
"2337","1002","2","2024-08-04"
"2338","235","4","2023-08-10"
"2339","933","2","2025-08-03"
"2340","452","1","2025-10-02"
"2341","669","4","2023-07-25"
"2342","837","2","2025-05-10"
"2343","790","2","2026-03-31"
"2344","518","1","2024-02-21"
"2345","1025","1","2023-04-23"
"2346","172","2","2024-06-05"
"2347","963","1","2024-08-30"
"2348","322","2","2024-11-02"
"2349","921","1","2025-12-30"
"2350","1018","3","2025-05-12"
"2351","1115","1","2026-02-03"
"2352","1012","1","2026-04-18"
"2353","558","3","2023-11-12"
"2354","291","1","2024-06-02"
"2355","223","2","2023-02-06"
"2356","365","1","2026-06-20"
"2357","279","2","2025-02-15"
"2358","1032","1","2026-05-13"
"2359","665","1","2026-06-25"
"2360","873","2","2023-03-24"
"2361","216","2","2026-04-17"
"2362","1119","2","2025-09-02"
"2363","664","1","2025-09-16"
"2364","65","2","2025-09-18"
"2365","596","3","2025-03-31"
"2366","243","1","2024-10-10"
"2367","237","1","2024-07-01"
"2368","1002","1","2025-09-06"
"2369","102","2","2025-08-28"
"2370","869","3","2023-05-07"
"2371","989","2","2026-03-04"
"2372","12","1","2023-04-12"
"2373","622","4","2024-07-30"
"2374","1071","1","2026-06-20"
"2375","188","2","2024-01-15"
"2376","89","1","2025-12-25"
"2377","767","1","2026-05-24"
"2378","328","2","2023-02-03"
"2379","980","1","2026-02-10"
"2380","89","3","2025-03-19"
"2381","1055","3","2025-02-11"
"2382","804","1","2026-02-15"
"2383","497","3","2026-03-18"
"2384","768","1","2024-05-07"
"2385","62","2","2024-07-05"
"2386","939","3","2025-10-03"
"2387","132","3","2024-04-25"
"2388","198","1","2026-04-14"
"2389","720","4","2024-05-06"
"2390","73","3","2025-04-18"
"2391","1088","2","2024-11-13"
"2392","243","1","2024-06-12"
"2393","765","2","2024-06-20"
"2394","1024","1","2025-02-08"
"2395","374","3","2023-02-02"
"2396","992","3","2024-12-13"
"2397","327","1","2025-12-05"
"2398","161","1","2025-04-11"
"2399","1117","1","2026-03-08"
"2400","546","2","2023-12-03"
"2401","886","2","2025-07-06"
"2402","691","2","2025-01-30"
"2403","413","3","2023-07-28"
"2404","337","2","2023-04-30"
"2405","21","3","2024-04-07"
"2406","110","2","2023-06-23"
"2407","735","1","2023-02-10"
"2408","805","1","2025-04-11"
"2409","1010","1","2024-08-19"
"2410","37","2","2024-04-17"
"2411","200","3","2023-05-02"
"2412","111","1","2024-12-31"
"2413","544","1","2024-10-09"
"2414","170","2","2026-04-30"
"2415","956","1","2023-11-18"
"2416","954","3","2023-05-13"
"2417","30","2","2024-02-06"
"2418","747","2","2024-05-29"
"2419","1033","2","2025-04-21"
"2420","452","1","2025-08-30"
"2421","856","1","2024-08-20"
"2422","717","3","2024-11-01"
"2423","303","1","2025-11-04"
"2424","75","1","2023-02-01"
"2425","892","1","2025-11-15"
"2426","393","1","2025-01-13"
"2427","625","3","2023-01-02"
"2428","577","4","2023-04-10"
"2429","33","4","2024-04-05"
"2430","370","4","2023-07-23"
"2431","776","3","2026-07-13"
"2432","607","1","2024-04-22"
"2433","571","1","2023-07-28"
"2434","951","1","2025-10-25"
"2435","1079","1","2026-01-25"
"2436","781","2","2026-02-15"
"2437","779","1","2026-05-06"
"2438","987","3","2024-07-06"
"2439","234","1","2024-06-03"
"2440","653","3","2025-11-24"
"2441","782","3","2024-02-06"
"2442","948","1","2023-04-18"
"2443","681","3","2024-06-06"
"2444","898","2","2023-10-04"
"2445","513","4","2026-07-04"
"2446","1082","2","2024-08-04"
"2447","224","3","2024-09-02"
"2448","407","2","2026-01-19"
"2449","1047","1","2023-02-11"
"2450","1054","1","2025-04-10"
"2451","955","3","2025-04-17"
"2452","131","3","2023-07-28"
"2453","129","2","2023-04-07"
"2454","587","2","2026-02-27"
"2455","428","1","2023-05-25"
"2456","384","4","2025-12-11"
"2457","105","2","2024-08-21"
"2458","68","2","2025-11-06"
"2459","877","2","2026-01-29"
"2460","284","3","2024-04-06"
"2461","414","2","2025-10-09"
"2462","693","3","2023-01-24"
"2463","160","1","2023-01-17"
"2464","559","4","2024-04-22"
"2465","267","2","2024-05-10"
"2466","681","1","2023-07-09"
"2467","1085","2","2023-05-21"
"2468","662","1","2024-08-21"
"2469","653","2","2024-07-12"
"2470","840","3","2023-07-19"
"2471","313","3","2023-07-09"
"2472","19","3","2023-08-28"
"2473","492","2","2025-05-29"
"2474","925","2","2025-09-25"
"2475","331","1","2025-01-19"
"2476","324","1","2024-10-26"
"2477","641","1","2024-09-14"
"2478","187","2","2023-10-04"
"2479","1067","1","2025-01-24"
"2480","963","4","2023-03-31"
"2481","1032","1","2025-12-30"
"2482","26","3","2025-11-04"
"2483","229","1","2023-04-07"
"2484","1047","1","2025-02-17"
"2485","574","2","2026-05-05"
"2486","350","2","2024-08-01"
"2487","720","2","2024-02-21"
"2488","1088","4","2025-06-01"
"2489","82","2","2023-11-15"
"2490","567","2","2024-11-21"
"2491","737","1","2023-07-18"
"2492","855","4","2024-07-24"
"2493","818","1","2024-06-26"
"2494","249","1","2024-06-07"
"2495","149","1","2025-08-18"
"2496","1100","1","2023-01-01"
"2497","348","2","2025-04-17"
"2498","324","2","2024-07-01"
"2499","237","3","2025-08-06"
"2500","1109","2","2023-07-26"
"2501","233","3","2026-02-09"
"2502","939","1","2023-06-04"
"2503","318","2","2023-08-17"
"2504","830","3","2023-02-04"
"2505","527","2","2024-05-04"
"2506","816","3","2026-01-30"
"2507","628","3","2023-03-06"
"2508","107","3","2026-05-15"
"2509","696","3","2025-11-30"
"2510","934","2","2026-01-18"
"2511","147","2","2025-09-20"
"2512","920","1","2025-05-10"
"2513","528","1","2025-06-27"
"2514","464","1","2024-08-17"
"2515","90","1","2023-03-02"
"2516","1118","3","2023-06-19"
"2517","372","2","2026-07-20"
"2518","895","1","2023-11-28"
"2519","279","3","2026-01-02"
"2520","974","1","2025-05-06"
"2521","918","1","2025-01-20"
"2522","1056","1","2023-05-19"
"2523","390","1","2026-04-15"
"2524","85","2","2023-09-29"
"2525","40","1","2024-03-12"
"2526","455","2","2026-01-13"
"2527","535","3","2025-07-20"
"2528","173","1","2024-06-04"
"2529","512","2","2025-10-06"
"2530","417","1","2025-07-03"
"2531","391","2","2025-04-24"
"2532","503","2","2023-01-26"
"2533","603","2","2025-04-09"
"2534","874","3","2024-10-01"
"2535","627","1","2023-11-05"
"2536","991","1","2025-07-28"
"2537","360","4","2025-08-27"
"2538","346","1","2025-05-03"
"2539","788","2","2024-02-14"
"2540","650","3","2024-02-28"
"2541","743","3","2024-01-05"
"2542","1124","1","2023-12-19"
"2543","97","1","2025-01-12"
"2544","838","1","2026-05-14"
"2545","902","2","2023-10-19"
"2546","17","1","2023-01-14"
"2547","87","3","2023-10-06"
"2548","365","1","2025-03-16"
"2549","397","3","2023-07-08"
"2550","632","2","2024-01-06"
"2551","808","2","2024-01-06"
"2552","924","4","2024-02-16"
"2553","777","3","2025-01-17"
"2554","645","3","2023-08-24"
"2555","1033","1","2025-02-18"
"2556","989","2","2023-09-08"
"2557","1041","2","2024-11-28"
"2558","193","4","2025-10-08"
"2559","379","1","2023-11-12"
"2560","169","2","2024-04-19"
"2561","164","3","2023-06-19"
"2562","84","3","2025-11-28"
"2563","299","1","2025-05-21"
"2564","1032","2","2026-02-03"
"2565","262","3","2023-10-09"
"2566","837","2","2023-06-22"
"2567","896","2","2023-11-27"
"2568","187","2","2023-08-28"
"2569","695","3","2023-01-28"
"2570","427","1","2024-04-08"
"2571","17","4","2023-12-16"
"2572","763","2","2025-06-10"
"2573","438","4","2023-08-24"
"2574","168","1","2024-08-30"
"2575","630","2","2023-06-15"
"2576","916","1","2026-03-20"
"2577","624","3","2024-07-17"
"2578","1","1","2024-07-05"
"2579","1104","4","2024-03-15"
"2580","267","3","2023-10-28"
"2581","672","2","2023-03-14"
"2582","447","3","2026-01-12"
"2583","92","2","2024-11-19"
"2584","686","2","2023-05-13"
"2585","718","2","2024-07-07"
"2586","1053","1","2024-11-11"
"2587","640","3","2023-05-21"
"2588","1032","3","2023-10-05"
"2589","320","2","2025-11-17"
"2590","1062","2","2023-12-01"
"2591","1035","4","2023-12-31"
"2592","578","1","2024-01-24"
"2593","857","2","2024-10-30"
"2594","34","1","2025-08-09"
"2595","342","2","2025-01-25"
"2596","385","2","2026-03-09"
"2597","710","1","2025-10-28"
"2598","915","1","2025-05-23"
"2599","1062","1","2023-01-02"
"2600","36","1","2025-06-20"
"2601","634","2","2023-05-12"
"2602","166","1","2026-05-27"
"2603","1065","1","2024-07-24"
"2604","906","4","2023-04-09"
"2605","115","1","2023-07-06"
"2606","544","3","2023-10-06"
"2607","407","1","2024-06-21"
"2608","973","3","2023-05-08"
"2609","469","3","2026-01-27"
"2610","973","3","2025-05-03"
"2611","107","4","2025-02-18"
"2612","1117","2","2024-08-29"
"2613","737","1","2024-06-28"
"2614","797","3","2025-10-07"
"2615","746","3","2023-04-16"
"2616","604","2","2025-06-23"
"2617","1008","3","2024-08-01"
"2618","611","2","2026-04-06"
"2619","584","3","2026-02-05"
"2620","1122","2","2025-11-06"
"2621","892","1","2023-11-29"
"2622","183","4","2023-12-29"
"2623","246","4","2025-11-03"
"2624","379","1","2023-08-21"
"2625","663","2","2023-12-26"
"2626","845","1","2026-04-28"
"2627","635","1","2025-03-25"
"2628","331","1","2025-03-25"
"2629","544","3","2023-05-19"
"2630","453","2","2023-07-13"
"2631","856","1","2024-07-10"
"2632","399","1","2026-03-08"
"2633","426","3","2023-12-30"
"2634","697","2","2025-03-10"
"2635","441","1","2023-08-14"
"2636","251","4","2026-06-18"
"2637","347","3","2025-02-15"
"2638","620","3","2023-08-30"
"2639","491","2","2024-03-12"
"2640","1044","2","2025-05-17"
"2641","962","1","2023-05-11"
"2642","1036","2","2025-10-01"
"2643","132","1","2024-01-19"
"2644","144","3","2024-04-14"
"2645","835","1","2024-10-08"
"2646","890","3","2023-11-21"
"2647","658","1","2025-01-22"
"2648","896","1","2023-11-20"
"2649","732","2","2025-01-07"
"2650","945","1","2026-03-26"
"2651","373","3","2024-03-13"
"2652","707","2","2024-06-26"
"2653","719","1","2023-07-18"
"2654","1026","4","2025-02-24"
"2655","958","2","2026-03-15"
"2656","118","2","2023-02-21"
"2657","383","1","2023-10-21"
"2658","64","1","2025-11-10"
"2659","103","2","2025-03-26"
"2660","21","4","2023-07-15"
"2661","877","1","2025-03-21"
"2662","117","2","2025-09-15"
"2663","954","2","2024-04-27"
"2664","18","4","2023-03-20"
"2665","382","3","2024-12-27"
"2666","209","1","2023-06-13"
"2667","203","3","2025-10-17"
"2668","317","3","2025-05-28"
"2669","84","2","2025-11-28"
"2670","449","1","2025-12-09"
"2671","183","1","2024-01-06"
"2672","814","1","2023-02-19"
"2673","326","1","2025-01-26"
"2674","784","4","2026-01-10"
"2675","40","1","2023-09-02"
"2676","100","1","2023-01-08"
"2677","65","2","2025-08-17"
"2678","570","1","2024-04-07"
"2679","763","3","2026-01-19"
"2680","879","3","2024-04-02"
"2681","538","2","2023-04-16"
"2682","1071","2","2023-03-25"
"2683","426","1","2024-10-07"
"2684","294","2","2024-05-21"
"2685","608","2","2026-06-26"
"2686","124","1","2025-01-11"
"2687","1077","2","2024-12-12"
"2688","1026","1","2025-12-27"
"2689","475","3","2024-01-15"
"2690","578","3","2024-06-27"
"2691","190","1","2025-06-05"
"2692","851","2","2025-02-05"
"2693","581","3","2023-03-28"
"2694","1019","3","2023-11-15"
"2695","674","3","2024-09-23"
"2696","680","1","2025-01-25"
"2697","542","1","2023-11-12"
"2698","426","1","2026-07-12"
"2699","347","1","2026-06-23"
"2700","515","2","2026-06-04"
"2701","680","4","2024-04-04"
"2702","970","2","2026-01-13"
"2703","204","3","2025-03-05"
"2704","862","1","2023-08-29"
"2705","931","1","2026-06-28"
"2706","995","2","2023-01-14"
"2707","131","3","2025-01-05"
"2708","233","3","2023-09-29"
"2709","410","4","2024-03-20"
"2710","464","4","2024-07-29"
"2711","591","3","2024-09-18"
"2712","330","3","2023-05-26"
"2713","916","3","2025-05-22"
"2714","227","2","2024-05-02"
"2715","935","2","2024-10-03"
"2716","474","2","2023-03-09"
"2717","548","3","2024-04-29"
"2718","396","1","2026-01-23"
"2719","1114","4","2026-05-03"
"2720","674","3","2026-02-17"
"2721","7","2","2025-01-17"
"2722","955","3","2025-03-23"
"2723","852","3","2025-12-30"
"2724","374","3","2023-10-01"
"2725","1104","2","2025-07-02"
"2726","994","1","2026-06-24"
"2727","180","1","2023-03-26"
"2728","233","1","2023-11-27"
"2729","883","3","2023-07-27"
"2730","215","1","2026-05-10"
"2731","241","3","2024-09-21"
"2732","184","3","2023-04-24"
"2733","398","1","2026-02-27"
"2734","870","3","2024-02-08"
"2735","938","3","2023-08-10"
"2736","155","2","2023-10-30"
"2737","5","2","2026-07-15"
"2738","518","2","2025-05-18"
"2739","620","2","2026-05-22"
"2740","720","3","2023-05-09"
"2741","747","1","2026-06-09"
"2742","270","1","2024-07-29"
"2743","193","2","2024-11-07"
"2744","297","2","2026-01-20"
"2745","218","1","2025-11-19"
"2746","819","2","2023-08-05"
"2747","183","3","2026-06-23"
"2748","758","2","2025-03-15"
"2749","1044","3","2024-07-24"
"2750","103","1","2024-07-28"
"2751","92","4","2026-05-03"
"2752","799","3","2025-02-28"
"2753","422","1","2026-04-21"
"2754","954","2","2023-08-25"
"2755","1012","1","2024-07-19"
"2756","1092","1","2023-02-14"
"2757","400","1","2024-03-08"
"2758","166","1","2023-01-03"
"2759","949","1","2023-12-13"
"2760","906","1","2024-06-01"
"2761","908","3","2026-04-17"
"2762","213","1","2026-01-05"
"2763","401","1","2024-09-29"
"2764","255","1","2025-02-25"
"2765","375","3","2024-11-15"
"2766","620","2","2024-11-28"
"2767","864","1","2025-07-15"
"2768","1072","2","2023-09-28"
"2769","410","2","2025-10-06"
"2770","705","4","2023-03-22"
"2771","400","1","2024-04-10"
"2772","486","3","2023-08-07"
"2773","837","2","2025-09-29"
"2774","524","1","2025-02-06"
"2775","51","1","2024-08-20"
"2776","204","2","2023-06-22"
"2777","499","1","2025-10-07"
"2778","266","4","2023-03-17"
"2779","327","1","2025-07-18"
"2780","934","2","2025-02-21"
"2781","880","2","2023-11-03"
"2782","273","1","2025-10-16"
"2783","725","2","2025-04-24"
"2784","581","2","2023-12-31"
"2785","1038","1","2026-05-07"
"2786","436","2","2023-03-02"
"2787","231","1","2025-02-01"
"2788","1102","2","2024-11-12"
"2789","485","2","2023-09-23"
"2790","87","1","2025-06-10"
"2791","720","4","2025-02-24"
"2792","330","3","2024-11-09"
"2793","575","1","2023-03-19"
"2794","764","1","2025-09-15"
"2795","671","3","2024-11-18"
"2796","1031","1","2025-01-10"
"2797","678","2","2023-08-11"
"2798","507","1","2023-09-12"
"2799","888","3","2025-05-06"
"2800","975","1","2025-11-07"
"2801","1105","1","2026-02-12"
"2802","235","1","2024-01-08"
"2803","639","2","2023-08-24"
"2804","84","2","2026-05-04"
"2805","532","1","2023-01-11"
"2806","230","3","2024-06-08"
"2807","419","2","2025-09-17"
"2808","51","1","2025-10-27"
"2809","410","3","2023-05-12"
"2810","1029","2","2025-09-24"
"2811","740","2","2024-08-11"
"2812","240","1","2025-09-09"
"2813","563","2","2026-05-03"
"2814","192","3","2024-11-15"
"2815","4","2","2023-01-20"
"2816","939","3","2023-12-28"
"2817","148","1","2025-03-24"
"2818","1008","2","2025-02-06"
"2819","435","1","2026-07-15"
"2820","49","3","2023-12-10"
"2821","814","4","2024-06-30"
"2822","504","3","2026-04-07"
"2823","1005","3","2023-11-16"
"2824","578","1","2025-07-27"
"2825","1091","3","2024-06-14"
"2826","745","1","2023-04-07"
"2827","1004","3","2025-10-11"
"2828","567","1","2026-01-21"
"2829","739","2","2024-11-01"
"2830","49","2","2023-10-04"
"2831","525","3","2023-12-21"
"2832","114","1","2026-03-08"
"2833","987","2","2024-11-23"
"2834","90","2","2023-07-02"
"2835","625","3","2024-05-14"
"2836","79","3","2025-11-16"
"2837","694","1","2025-12-13"
"2838","1034","3","2024-08-12"
"2839","1013","3","2023-01-16"
"2840","1020","1","2024-07-24"
"2841","447","3","2025-07-03"
"2842","1112","2","2023-01-23"
"2843","1042","3","2023-07-09"
"2844","899","3","2024-12-16"
"2845","81","2","2025-10-04"
"2846","321","2","2024-09-05"
"2847","305","3","2024-09-09"
"2848","949","2","2025-01-02"
"2849","569","4","2025-04-05"
"2850","435","3","2023-04-03"
"2851","59","2","2024-06-11"
"2852","684","3","2023-11-22"
"2853","604","2","2024-11-25"
"2854","290","3","2025-05-14"
"2855","1074","3","2024-11-20"
"2856","957","3","2024-04-06"
"2857","545","3","2026-03-21"
"2858","1006","4","2023-11-29"
"2859","169","1","2023-10-06"
"2860","527","1","2023-01-21"
"2861","704","3","2026-01-02"
"2862","842","1","2024-01-15"
"2863","382","1","2026-05-13"
"2864","235","2","2023-01-01"
"2865","363","3","2023-12-20"
"2866","996","2","2025-08-08"
"2867","498","4","2026-03-22"
"2868","623","2","2024-02-09"
"2869","81","1","2025-03-16"
"2870","12","4","2025-02-18"
"2871","1021","1","2023-11-25"
"2872","916","3","2025-04-30"
"2873","918","4","2026-02-23"
"2874","644","1","2026-05-11"
"2875","327","1","2023-02-03"
"2876","863","2","2023-11-14"
"2877","716","2","2025-12-07"
"2878","946","4","2023-02-26"
"2879","1009","1","2026-02-12"
"2880","1105","4","2025-08-25"
"2881","809","1","2023-01-10"
"2882","269","2","2023-07-08"
"2883","746","4","2026-03-02"
"2884","846","2","2024-01-09"
"2885","233","1","2025-05-04"
"2886","261","1","2026-03-29"
"2887","1032","4","2026-05-30"
"2888","807","2","2024-03-02"
"2889","158","2","2025-04-16"
"2890","783","2","2023-05-29"
"2891","1063","2","2025-07-29"
"2892","331","3","2023-06-09"
"2893","459","2","2024-10-20"
"2894","175","2","2026-04-03"
"2895","824","1","2023-12-19"
"2896","517","1","2026-02-02"
"2897","229","2","2024-12-26"
"2898","713","4","2023-10-22"
"2899","483","3","2026-01-08"
"2900","303","2","2025-01-14"
"2901","863","4","2026-06-14"
"2902","1093","1","2023-06-10"
"2903","686","1","2025-11-02"
"2904","701","1","2025-03-25"
"2905","374","4","2024-01-31"
"2906","412","1","2024-12-26"
"2907","19","1","2025-11-04"
"2908","852","1","2023-01-08"
"2909","116","3","2025-12-08"
"2910","390","3","2024-02-01"
"2911","844","3","2025-04-21"
"2912","725","3","2025-06-15"
"2913","227","4","2024-06-18"
"2914","21","2","2023-05-06"
"2915","54","2","2025-08-09"
"2916","595","1","2024-10-21"
"2917","766","1","2025-04-06"
"2918","665","1","2026-01-01"
"2919","645","2","2024-01-16"
"2920","256","3","2025-08-25"
"2921","183","2","2024-04-27"
"2922","247","2","2026-07-01"
"2923","599","3","2023-04-22"
"2924","566","2","2025-11-25"
"2925","723","3","2025-01-05"
"2926","834","1","2024-12-08"
"2927","949","2","2023-12-26"
"2928","245","2","2024-07-23"
"2929","924","3","2024-12-23"
"2930","967","1","2024-11-15"
"2931","755","4","2023-04-01"
"2932","106","2","2026-02-02"
"2933","1107","3","2025-02-22"
"2934","138","3","2026-05-31"
"2935","283","2","2024-09-23"
"2936","445","1","2024-08-26"
"2937","574","1","2023-02-04"
"2938","997","4","2025-05-01"
"2939","853","3","2023-09-09"
"2940","177","1","2025-03-19"
"2941","1047","1","2024-10-18"
"2942","386","3","2025-03-29"
"2943","37","1","2023-10-08"
"2944","1111","3","2023-11-06"
"2945","914","1","2023-11-06"
"2946","718","2","2024-12-08"
"2947","150","1","2023-04-07"
"2948","1107","1","2024-04-26"
"2949","749","1","2023-12-25"
"2950","404","1","2023-09-22"
"2951","669","1","2026-03-05"
"2952","1036","1","2024-07-10"
"2953","568","2","2025-09-01"
"2954","99","1","2025-07-29"
"2955","810","2","2023-07-15"
"2956","721","4","2026-01-07"
"2957","413","1","2025-03-03"
"2958","12","4","2025-07-11"
"2959","556","1","2023-11-11"
"2960","172","2","2025-02-16"
"2961","693","1","2025-10-12"
"2962","785","3","2024-03-13"
"2963","158","3","2025-05-14"
"2964","454","4","2024-01-18"
"2965","604","2","2023-08-10"
"2966","197","4","2026-04-06"
"2967","48","2","2026-03-27"
"2968","231","3","2023-03-27"
"2969","286","3","2023-01-24"
"2970","627","3","2023-11-10"
"2971","1055","3","2024-02-05"
"2972","352","3","2026-03-19"
"2973","752","3","2025-08-19"
"2974","206","3","2024-07-23"
"2975","348","1","2025-07-05"
"2976","936","3","2026-01-01"
"2977","194","4","2025-01-14"
"2978","513","3","2024-08-08"
"2979","91","3","2026-04-08"
"2980","528","2","2026-07-16"
"2981","1120","3","2024-06-16"
"2982","537","1","2024-09-12"
"2983","920","2","2025-11-02"
"2984","16","2","2025-08-10"
"2985","114","4","2024-04-28"
"2986","987","3","2023-11-29"
"2987","1029","3","2025-01-20"
"2988","332","2","2025-09-07"
"2989","972","1","2024-12-18"
"2990","589","2","2023-07-21"
"2991","51","2","2024-03-29"
"2992","704","1","2024-11-02"
"2993","300","2","2024-04-11"
"2994","997","3","2025-09-08"
"2995","567","2","2025-06-10"
"2996","106","2","2024-05-27"
"2997","455","1","2024-04-21"
"2998","993","2","2024-12-19"
"2999","641","3","2024-07-21"
"3000","348","2","2025-09-17"
