"UnitID","DistrictID"
"1","1"
"2","1"
"3","1"
"4","1"
"5","1"
"6","1"
"7","1"
"8","1"
"9","1"
"10","1"
"11","1"
"12","1"
"13","1"
"14","1"
"15","1"
"16","1"
"17","1"
"18","1"
"19","1"
"20","1"
"21","1"
"22","1"
"23","1"
"24","1"
"25","1"
"26","1"
"27","1"
"28","1"
"29","1"
"30","2"
"31","2"
"32","2"
"33","2"
"34","2"
"35","2"
"36","2"
"37","2"
"38","2"
"39","2"
"40","2"
"41","2"
"42","2"
"43","2"
"44","2"
"45","2"
"46","2"
"47","2"
"48","2"
"49","2"
"50","2"
"51","2"
"52","2"
"53","2"
"54","2"
"55","2"
"56","2"
"57","2"
"58","2"
"59","2"
"60","2"
"61","2"
"62","2"
"63","2"
"64","2"
"65","2"
"66","2"
"67","2"
"68","2"
"69","2"
"70","2"
"71","2"
"72","2"
"73","2"
"74","2"
"75","2"
"76","2"
"77","2"
"78","2"
"79","2"
"80","2"
"81","2"
"82","2"
"83","2"
"84","2"
"85","2"
"86","2"
"87","3"
"88","3"
"89","3"
"90","3"
"91","3"
"92","3"
"93","3"
"94","3"
"95","3"
"96","3"
"97","3"
"98","3"
"99","3"
"100","3"
"101","3"
"102","3"
"103","3"
"104","3"
"105","3"
"106","3"
"107","3"
"108","3"
"109","3"
"110","3"
"111","3"
"112","3"
"113","3"
"114","3"
"115","3"
"116","3"
"117","3"
"118","3"
"119","3"
"120","3"
"121","3"
"122","3"
"123","3"
"124","3"
"125","3"
"126","3"
"127","3"
"128","3"
"129","3"
"130","3"
"131","3"
"132","3"
"133","3"
"134","3"
"135","3"
"136","3"
"137","3"
"138","3"
"139","3"
"140","3"
"141","3"
"142","3"
"143","3"
"144","4"
"145","4"
"146","4"
"147","4"
"148","4"
"149","4"
"150","4"
"151","4"
"152","4"
"153","4"
"154","4"
"155","4"
"156","4"
"157","4"
"158","4"
"159","4"
"160","4"
"161","4"
"162","4"
"163","4"
"164","4"
"165","4"
"166","4"
"167","4"
"168","4"
"169","4"
"170","4"
"171","4"
"172","4"
"173","5"
"174","5"
"175","5"
"176","5"
"177","5"
"178","5"
"179","5"
"180","5"
"181","5"
"182","5"
"183","5"
"184","5"
"185","5"
"186","5"
"187","5"
"188","5"
"189","5"
"190","5"
"191","5"
"192","5"
"193","5"
"194","5"
"195","5"
"196","5"
"197","5"
"198","5"
"199","5"
"200","5"
"201","5"
"202","5"
"203","5"
"204","5"
"205","5"
"206","5"
"207","5"
"208","5"
"209","5"
"210","5"
"211","5"
"212","5"
"213","5"
"214","5"
"215","5"
"216","5"
"217","5"
"218","5"
"219","5"
"220","5"
"221","5"
"222","5"
"223","5"
"224","5"
"225","5"
"226","5"
"227","5"
"228","5"
"229","5"
"230","5"
"231","5"
"232","5"
"233","5"
"234","5"
"235","5"
"236","5"
"237","5"
"238","5"
"239","5"
"240","5"
"241","5"
"242","5"
"243","5"
"244","5"
"245","5"
"246","5"
"247","5"
"248","5"
"249","5"
"250","5"
"251","5"
"252","5"
"253","5"
"254","5"
"255","5"
"256","5"
"257","5"
"258","5"
"259","5"
"260","5"
"261","5"
"262","5"
"263","5"
"264","5"
"265","5"
"266","5"
"267","5"
"268","5"
"269","5"
"270","5"
"271","5"
"272","5"
"273","5"
"274","5"
"275","5"
"276","5"
"277","5"
"278","5"
"279","5"
"280","5"
"281","5"
"282","5"
"283","5"
"284","5"
"285","5"
"286","5"
"287","5"
"288","6"
"289","6"
"290","6"
"291","6"
"292","6"
"293","6"
"294","6"
"295","6"
"296","6"
"297","6"
"298","6"
"299","6"
"300","6"
"301","6"
"302","6"
"303","6"
"304","6"
"305","6"
"306","6"
"307","6"
"308","6"
"309","6"
"310","6"
"311","6"
"312","6"
"313","6"
"314","6"
"315","6"
"316","6"
"317","7"
"318","7"
"319","7"
"320","7"
"321","7"
"322","7"
"323","7"
"324","7"
"325","7"
"326","7"
"327","7"
"328","7"
"329","7"
"330","7"
"331","7"
"332","7"
"333","7"
"334","7"
"335","7"
"336","7"
"337","7"
"338","7"
"339","7"
"340","7"
"341","7"
"342","7"
"343","7"
"344","7"
"345","7"
"346","8"
"347","8"
"348","8"
"349","8"
"350","8"
"351","8"
"352","8"
"353","8"
"354","8"
"355","8"
"356","8"
"357","8"
"358","8"
"359","8"
"360","8"
"361","8"
"362","8"
"363","8"
"364","8"
"365","8"
"366","8"
"367","8"
"368","8"
"369","8"
"370","8"
"371","8"
"372","8"
"373","8"
"374","8"
"375","9"
"376","9"
"377","9"
"378","9"
"379","9"
"380","9"
"381","9"
"382","9"
"383","9"
"384","9"
"385","9"
"386","9"
"387","9"
"388","9"
"389","9"
"390","9"
"391","9"
"392","9"
"393","9"
"394","9"
"395","9"
"396","9"
"397","9"
"398","9"
"399","9"
"400","9"
"401","9"
"402","9"
"403","9"
"404","10"
"405","10"
"406","10"
"407","10"
"408","10"
"409","10"
"410","10"
"411","10"
"412","10"
"413","10"
"414","10"
"415","10"
"416","10"
"417","10"
"418","10"
"419","10"
"420","10"
"421","10"
"422","10"
"423","10"
"424","10"
"425","10"
"426","10"
"427","10"
"428","10"
"429","10"
"430","10"
"431","10"
"432","10"
"433","11"
"434","11"
"435","11"
"436","11"
"437","11"
"438","11"
"439","11"
"440","11"
"441","11"
"442","11"
"443","11"
"444","11"
"445","11"
"446","11"
"447","11"
"448","11"
"449","11"
"450","11"
"451","11"
"452","11"
"453","11"
"454","11"
"455","11"
"456","11"
"457","11"
"458","11"
"459","11"
"460","11"
"461","11"
"462","11"
"463","11"
"464","11"
"465","11"
"466","11"
"467","11"
"468","11"
"469","11"
"470","11"
"471","11"
"472","11"
"473","11"
"474","11"
"475","11"
"476","11"
"477","11"
"478","11"
"479","11"
"480","11"
"481","11"
"482","11"
"483","11"
"484","11"
"485","11"
"486","11"
"487","11"
"488","11"
"489","11"
"490","12"
"491","12"
"492","12"
"493","12"
"494","12"
"495","12"
"496","12"
"497","12"
"498","12"
"499","12"
"500","12"
"501","12"
"502","12"
"503","12"
"504","12"
"505","12"
"506","12"
"507","12"
"508","12"
"509","12"
"510","12"
"511","12"
"512","12"
"513","12"
"514","12"
"515","12"
"516","12"
"517","12"
"518","12"
"519","13"
"520","13"
"521","13"
"522","13"
"523","13"
"524","13"
"525","13"
"526","13"
"527","13"
"528","13"
"529","13"
"530","13"
"531","13"
"532","13"
"533","13"
"534","13"
"535","13"
"536","13"
"537","13"
"538","13"
"539","13"
"540","13"
"541","13"
"542","13"
"543","13"
"544","13"
"545","13"
"546","13"
"547","13"
"548","14"
"549","14"
"550","14"
"551","14"
"552","14"
"553","14"
"554","14"
"555","14"
"556","14"
"557","14"
"558","14"
"559","14"
"560","14"
"561","14"
"562","14"
"563","14"
"564","14"
"565","14"
"566","14"
"567","14"
"568","14"
"569","14"
"570","14"
"571","14"
"572","14"
"573","14"
"574","14"
"575","14"
"576","14"
"577","15"
"578","15"
"579","15"
"580","15"
"581","15"
"582","15"
"583","15"
"584","15"
"585","15"
"586","15"
"587","15"
"588","15"
"589","15"
"590","15"
"591","15"
"592","15"
"593","15"
"594","15"
"595","15"
"596","15"
"597","15"
"598","15"
"599","15"
"600","15"
"601","15"
"602","15"
"603","15"
"604","15"
"605","15"
"606","16"
"607","16"
"608","16"
"609","16"
"610","16"
"611","16"
"612","16"
"613","16"
"614","16"
"615","16"
"616","16"
"617","16"
"618","16"
"619","16"
"620","16"
"621","16"
"622","16"
"623","16"
"624","16"
"625","16"
"626","16"
"627","16"
"628","16"
"629","16"
"630","16"
"631","16"
"632","16"
"633","16"
"634","16"
"635","17"
"636","17"
"637","17"
"638","17"
"639","17"
"640","17"
"641","17"
"642","17"
"643","17"
"644","17"
"645","17"
"646","17"
"647","17"
"648","17"
"649","17"
"650","17"
"651","17"
"652","17"
"653","17"
"654","17"
"655","17"
"656","17"
"657","17"
"658","17"
"659","17"
"660","17"
"661","17"
"662","17"
"663","17"
"664","17"
"665","17"
"666","17"
"667","17"
"668","17"
"669","17"
"670","17"
"671","17"
"672","17"
"673","17"
"674","17"
"675","17"
"676","17"
"677","17"
"678","17"
"679","17"
"680","17"
"681","17"
"682","17"
"683","17"
"684","17"
"685","17"
"686","17"
"687","17"
"688","17"
"689","17"
"690","17"
"691","17"
"692","18"
"693","18"
"694","18"
"695","18"
"696","18"
"697","18"
"698","18"
"699","18"
"700","18"
"701","18"
"702","18"
"703","18"
"704","18"
"705","18"
"706","18"
"707","18"
"708","18"
"709","18"
"710","18"
"711","18"
"712","18"
"713","18"
"714","18"
"715","18"
"716","18"
"717","18"
"718","18"
"719","18"
"720","18"
"721","19"
"722","19"
"723","19"
"724","19"
"725","19"
"726","19"
"727","19"
"728","19"
"729","19"
"730","19"
"731","19"
"732","19"
"733","19"
"734","19"
"735","19"
"736","19"
"737","19"
"738","19"
"739","19"
"740","19"
"741","19"
"742","19"
"743","19"
"744","19"
"745","19"
"746","19"
"747","19"
"748","19"
"749","19"
"750","20"
"751","20"
"752","20"
"753","20"
"754","20"
"755","20"
"756","20"
"757","20"
"758","20"
"759","20"
"760","20"
"761","20"
"762","20"
"763","20"
"764","20"
"765","20"
"766","20"
"767","20"
"768","20"
"769","20"
"770","20"
"771","20"
"772","20"
"773","20"
"774","20"
"775","20"
"776","20"
"777","20"
"778","20"
"779","21"
"780","21"
"781","21"
"782","21"
"783","21"
"784","21"
"785","21"
"786","21"
"787","21"
"788","21"
"789","21"
"790","21"
"791","21"
"792","21"
"793","21"
"794","21"
"795","21"
"796","21"
"797","21"
"798","21"
"799","21"
"800","21"
"801","21"
"802","21"
"803","21"
"804","21"
"805","21"
"806","21"
"807","21"
"808","22"
"809","22"
"810","22"
"811","22"
"812","22"
"813","22"
"814","22"
"815","22"
"816","22"
"817","22"
"818","22"
"819","22"
"820","22"
"821","22"
"822","22"
"823","22"
"824","22"
"825","22"
"826","22"
"827","22"
"828","22"
"829","22"
"830","22"
"831","22"
"832","22"
"833","22"
"834","22"
"835","22"
"836","22"
"837","22"
"838","22"
"839","22"
"840","22"
"841","22"
"842","22"
"843","22"
"844","22"
"845","22"
"846","22"
"847","22"
"848","22"
"849","22"
"850","22"
"851","22"
"852","22"
"853","22"
"854","22"
"855","22"
"856","22"
"857","22"
"858","22"
"859","22"
"860","22"
"861","22"
"862","22"
"863","22"
"864","22"
"865","23"
"866","23"
"867","23"
"868","23"
"869","23"
"870","23"
"871","23"
"872","23"
"873","23"
"874","23"
"875","23"
"876","23"
"877","23"
"878","23"
"879","23"
"880","23"
"881","23"
"882","23"
"883","23"
"884","23"
"885","23"
"886","23"
"887","23"
"888","23"
"889","23"
"890","23"
"891","23"
"892","23"
"893","23"
"894","24"
"895","24"
"896","24"
"897","24"
"898","24"
"899","24"
"900","24"
"901","24"
"902","24"
"903","24"
"904","24"
"905","24"
"906","24"
"907","24"
"908","24"
"909","24"
"910","24"
"911","24"
"912","24"
"913","24"
"914","24"
"915","24"
"916","24"
"917","24"
"918","24"
"919","24"
"920","24"
"921","24"
"922","24"
"923","25"
"924","25"
"925","25"
"926","25"
"927","25"
"928","25"
"929","25"
"930","25"
"931","25"
"932","25"
"933","25"
"934","25"
"935","25"
"936","25"
"937","25"
"938","25"
"939","25"
"940","25"
"941","25"
"942","25"
"943","25"
"944","25"
"945","25"
"946","25"
"947","25"
"948","25"
"949","25"
"950","25"
"951","25"
"952","26"
"953","26"
"954","26"
"955","26"
"956","26"
"957","26"
"958","26"
"959","26"
"960","26"
"961","26"
"962","26"
"963","26"
"964","26"
"965","26"
"966","26"
"967","26"
"968","26"
"969","26"
"970","26"
"971","26"
"972","26"
"973","26"
"974","26"
"975","26"
"976","26"
"977","26"
"978","26"
"979","26"
"980","26"
"981","27"
"982","27"
"983","27"
"984","27"
"985","27"
"986","27"
"987","27"
"988","27"
"989","27"
"990","27"
"991","27"
"992","27"
"993","27"
"994","27"
"995","27"
"996","27"
"997","27"
"998","27"
"999","27"
"1000","27"
"1001","27"
"1002","27"
"1003","27"
"1004","27"
"1005","27"
"1006","27"
"1007","27"
"1008","27"
"1009","27"
"1010","28"
"1011","28"
"1012","28"
"1013","28"
"1014","28"
"1015","28"
"1016","28"
"1017","28"
"1018","28"
"1019","28"
"1020","28"
"1021","28"
"1022","28"
"1023","28"
"1024","28"
"1025","28"
"1026","28"
"1027","28"
"1028","28"
"1029","28"
"1030","28"
"1031","28"
"1032","28"
"1033","28"
"1034","28"
"1035","28"
"1036","28"
"1037","28"
"1038","28"
"1039","29"
"1040","29"
"1041","29"
"1042","29"
"1043","29"
"1044","29"
"1045","29"
"1046","29"
"1047","29"
"1048","29"
"1049","29"
"1050","29"
"1051","29"
"1052","29"
"1053","29"
"1054","29"
"1055","29"
"1056","29"
"1057","29"
"1058","29"
"1059","29"
"1060","29"
"1061","29"
"1062","29"
"1063","29"
"1064","29"
"1065","29"
"1066","29"
"1067","29"
"1068","30"
"1069","30"
"1070","30"
"1071","30"
"1072","30"
"1073","30"
"1074","30"
"1075","30"
"1076","30"
"1077","30"
"1078","30"
"1079","30"
"1080","30"
"1081","30"
"1082","30"
"1083","30"
"1084","30"
"1085","30"
"1086","30"
"1087","30"
"1088","30"
"1089","30"
"1090","30"
"1091","30"
"1092","30"
"1093","30"
"1094","30"
"1095","30"
"1096","30"
"1097","31"
"1098","31"
"1099","31"
"1100","31"
"1101","31"
"1102","31"
"1103","31"
"1104","31"
"1105","31"
"1106","31"
"1107","31"
"1108","31"
"1109","31"
"1110","31"
"1111","31"
"1112","31"
"1113","31"
"1114","31"
"1115","31"
"1116","31"
"1117","31"
"1118","31"
"1119","31"
"1120","31"
"1121","31"
"1122","31"
"1123","31"
"1124","31"
"1125","31"
