CaseMasterID,ActID,SectionID,ActOrderID,SectionOrderID
1,IPC,354,1,1
1,ITA,66D,1,1
2,IPC,392,1,1
2,NDPS,20,1,1
3,IPC,354,1,1
3,IPC,392,1,1
4,ITA,66C,1,1
4,ITA,66D,1,1
5,IPC,354,1,1
6,IPC,379,1,1
6,ITA,66D,1,1
7,IPC,307,1,1
7,IPC,498A,1,1
8,IPC,392,1,1
9,IPC,392,1,1
9,IPC,354,1,1
10,IPC,354,1,1
11,IPC,307,1,1
12,IPC,498A,1,1
12,IPC,379,1,1
13,IPC,392,1,1
14,IPC,354,1,1
14,IPC,420,1,1
15,IPC,379,1,1
15,IPC,302,1,1
16,ITA,66D,1,1
17,NDPS,20,1,1
17,IPC,392,1,1
18,IPC,307,1,1
18,IPC,354,1,1
19,IPC,498A,1,1
19,NDPS,20,1,1
20,IPC,420,1,1
20,IPC,302,1,1
21,IPC,420,1,1
22,IPC,354,1,1
23,IPC,498A,1,1
24,IPC,354,1,1
24,NDPS,20,1,1
25,IPC,420,1,1
26,IPC,420,1,1
27,IPC,420,1,1
27,IPC,354,1,1
28,IPC,420,1,1
28,IPC,354,1,1
29,IPC,392,1,1
30,IPC,302,1,1
31,MVA,185,1,1
32,IPC,307,1,1
32,MVA,185,1,1
33,MVA,185,1,1
34,IPC,420,1,1
35,NDPS,20,1,1
35,IPC,302,1,1
36,IPC,379,1,1
37,MVA,185,1,1
38,IPC,420,1,1
38,IPC,307,1,1
39,ITA,66C,1,1
39,IPC,420,1,1
40,ITA,66C,1,1
41,IPC,354,1,1
42,IPC,379,1,1
42,NDPS,20,1,1
43,NDPS,20,1,1
43,ITA,66D,1,1
44,NDPS,20,1,1
45,IPC,302,1,1
45,IPC,498A,1,1
46,ITA,66C,1,1
47,MVA,185,1,1
48,ITA,66D,1,1
48,MVA,185,1,1
49,IPC,392,1,1
49,IPC,379,1,1
50,IPC,498A,1,1
51,IPC,307,1,1
52,ITA,66C,1,1
52,IPC,392,1,1
53,MVA,185,1,1
53,IPC,302,1,1
54,ITA,66D,1,1
54,IPC,354,1,1
55,MVA,185,1,1
56,IPC,379,1,1
57,ITA,66D,1,1
58,ITA,66C,1,1
59,IPC,354,1,1
59,IPC,420,1,1
60,IPC,392,1,1
60,ITA,66D,1,1
61,IPC,498A,1,1
61,ITA,66D,1,1
62,ITA,66D,1,1
63,ITA,66D,1,1
64,IPC,420,1,1
64,IPC,498A,1,1
65,IPC,392,1,1
66,IPC,379,1,1
67,IPC,498A,1,1
68,IPC,354,1,1
69,IPC,307,1,1
70,IPC,302,1,1
71,IPC,379,1,1
72,IPC,498A,1,1
73,IPC,354,1,1
73,IPC,302,1,1
74,IPC,307,1,1
75,IPC,354,1,1
75,MVA,185,1,1
76,IPC,307,1,1
76,ITA,66D,1,1
77,IPC,307,1,1
77,IPC,498A,1,1
78,IPC,354,1,1
79,IPC,420,1,1
80,IPC,379,1,1
81,IPC,307,1,1
82,ITA,66D,1,1
82,IPC,302,1,1
83,IPC,498A,1,1
83,ITA,66C,1,1
84,NDPS,20,1,1
84,IPC,498A,1,1
85,IPC,379,1,1
85,IPC,379,1,1
86,NDPS,20,1,1
86,NDPS,20,1,1
87,IPC,354,1,1
87,MVA,185,1,1
88,IPC,392,1,1
89,IPC,354,1,1
90,NDPS,20,1,1
91,IPC,354,1,1
92,IPC,379,1,1
93,ITA,66D,1,1
94,IPC,302,1,1
94,IPC,302,1,1
95,IPC,379,1,1
95,IPC,420,1,1
96,IPC,498A,1,1
96,NDPS,20,1,1
97,IPC,354,1,1
97,IPC,379,1,1
98,IPC,392,1,1
98,IPC,498A,1,1
99,NDPS,20,1,1
100,ITA,66D,1,1
100,IPC,307,1,1
101,IPC,392,1,1
102,IPC,354,1,1
103,MVA,185,1,1
104,IPC,392,1,1
104,IPC,498A,1,1
105,IPC,392,1,1
105,IPC,379,1,1
106,IPC,392,1,1
107,IPC,392,1,1
108,IPC,379,1,1
108,ITA,66C,1,1
109,IPC,392,1,1
109,IPC,379,1,1
110,NDPS,20,1,1
111,MVA,185,1,1
112,IPC,498A,1,1
112,IPC,354,1,1
113,IPC,307,1,1
114,IPC,498A,1,1
114,IPC,302,1,1
115,IPC,307,1,1
116,ITA,66C,1,1
116,IPC,354,1,1
117,IPC,392,1,1
117,IPC,420,1,1
118,IPC,354,1,1
118,IPC,392,1,1
119,ITA,66C,1,1
119,ITA,66D,1,1
120,ITA,66C,1,1
120,IPC,354,1,1
121,IPC,307,1,1
121,IPC,354,1,1
122,IPC,379,1,1
122,IPC,392,1,1
123,NDPS,20,1,1
124,MVA,185,1,1
124,ITA,66D,1,1
125,IPC,392,1,1
125,ITA,66C,1,1
126,IPC,302,1,1
127,ITA,66C,1,1
128,ITA,66D,1,1
128,IPC,498A,1,1
129,IPC,379,1,1
130,IPC,302,1,1
131,IPC,392,1,1
131,IPC,307,1,1
132,IPC,354,1,1
132,IPC,392,1,1
133,IPC,354,1,1
133,MVA,185,1,1
134,ITA,66C,1,1
134,IPC,420,1,1
135,ITA,66C,1,1
135,IPC,420,1,1
136,IPC,379,1,1
137,IPC,302,1,1
138,ITA,66C,1,1
139,IPC,354,1,1
140,IPC,498A,1,1
141,IPC,392,1,1
142,ITA,66C,1,1
143,IPC,498A,1,1
143,IPC,354,1,1
144,IPC,420,1,1
144,IPC,420,1,1
145,ITA,66D,1,1
146,IPC,498A,1,1
147,IPC,302,1,1
148,IPC,307,1,1
148,IPC,420,1,1
149,ITA,66D,1,1
149,IPC,354,1,1
150,IPC,420,1,1
151,IPC,392,1,1
152,IPC,307,1,1
153,IPC,420,1,1
154,IPC,420,1,1
155,ITA,66C,1,1
155,IPC,379,1,1
156,ITA,66C,1,1
156,IPC,307,1,1
157,IPC,354,1,1
157,MVA,185,1,1
158,IPC,302,1,1
158,IPC,420,1,1
159,IPC,302,1,1
160,IPC,302,1,1
161,IPC,379,1,1
162,IPC,392,1,1
162,IPC,307,1,1
163,IPC,420,1,1
164,MVA,185,1,1
164,MVA,185,1,1
165,IPC,420,1,1
165,IPC,498A,1,1
166,ITA,66D,1,1
166,IPC,420,1,1
167,ITA,66C,1,1
167,ITA,66D,1,1
168,IPC,302,1,1
168,IPC,498A,1,1
169,ITA,66C,1,1
170,MVA,185,1,1
170,MVA,185,1,1
171,IPC,302,1,1
171,ITA,66C,1,1
172,IPC,392,1,1
173,MVA,185,1,1
174,IPC,302,1,1
174,IPC,498A,1,1
175,MVA,185,1,1
176,IPC,302,1,1
176,IPC,392,1,1
177,IPC,498A,1,1
178,ITA,66C,1,1
178,IPC,354,1,1
179,IPC,354,1,1
180,NDPS,20,1,1
180,NDPS,20,1,1
181,IPC,354,1,1
181,IPC,420,1,1
182,IPC,379,1,1
183,IPC,354,1,1
184,IPC,354,1,1
184,NDPS,20,1,1
185,NDPS,20,1,1
185,IPC,302,1,1
186,ITA,66C,1,1
187,IPC,354,1,1
187,IPC,420,1,1
188,IPC,307,1,1
189,ITA,66C,1,1
189,IPC,354,1,1
190,MVA,185,1,1
191,IPC,307,1,1
192,ITA,66D,1,1
193,ITA,66C,1,1
194,MVA,185,1,1
194,IPC,379,1,1
195,IPC,392,1,1
195,IPC,302,1,1
196,IPC,379,1,1
197,IPC,302,1,1
198,ITA,66D,1,1
199,IPC,302,1,1
200,IPC,302,1,1
201,NDPS,20,1,1
201,ITA,66D,1,1
202,ITA,66C,1,1
203,IPC,392,1,1
203,IPC,354,1,1
204,IPC,379,1,1
204,IPC,392,1,1
205,IPC,498A,1,1
205,IPC,354,1,1
206,NDPS,20,1,1
207,IPC,392,1,1
207,IPC,354,1,1
208,NDPS,20,1,1
209,IPC,392,1,1
210,IPC,392,1,1
211,IPC,379,1,1
212,IPC,302,1,1
212,NDPS,20,1,1
213,IPC,498A,1,1
214,MVA,185,1,1
215,IPC,354,1,1
215,IPC,379,1,1
216,IPC,379,1,1
217,MVA,185,1,1
218,NDPS,20,1,1
218,IPC,302,1,1
219,IPC,379,1,1
219,ITA,66D,1,1
220,IPC,307,1,1
221,IPC,302,1,1
222,IPC,354,1,1
222,IPC,392,1,1
223,IPC,354,1,1
223,IPC,307,1,1
224,IPC,379,1,1
224,IPC,302,1,1
225,IPC,307,1,1
225,ITA,66D,1,1
226,MVA,185,1,1
226,MVA,185,1,1
227,NDPS,20,1,1
228,ITA,66D,1,1
228,IPC,392,1,1
229,ITA,66C,1,1
230,NDPS,20,1,1
231,IPC,307,1,1
232,ITA,66D,1,1
232,IPC,392,1,1
233,IPC,498A,1,1
234,ITA,66C,1,1
234,IPC,379,1,1
235,IPC,392,1,1
235,ITA,66D,1,1
236,IPC,302,1,1
237,NDPS,20,1,1
237,IPC,392,1,1
238,IPC,302,1,1
239,ITA,66C,1,1
239,IPC,392,1,1
240,IPC,302,1,1
241,IPC,392,1,1
241,IPC,302,1,1
242,NDPS,20,1,1
242,IPC,379,1,1
243,IPC,420,1,1
244,IPC,307,1,1
244,IPC,302,1,1
245,IPC,354,1,1
245,ITA,66C,1,1
246,ITA,66C,1,1
247,IPC,379,1,1
247,IPC,392,1,1
248,MVA,185,1,1
248,IPC,354,1,1
249,IPC,354,1,1
250,IPC,392,1,1
251,IPC,302,1,1
252,IPC,302,1,1
252,IPC,379,1,1
253,IPC,498A,1,1
253,ITA,66D,1,1
254,MVA,185,1,1
254,IPC,420,1,1
255,ITA,66C,1,1
255,IPC,302,1,1
256,IPC,420,1,1
256,IPC,307,1,1
257,IPC,392,1,1
257,ITA,66D,1,1
258,IPC,307,1,1
259,IPC,307,1,1
260,IPC,302,1,1
260,IPC,498A,1,1
261,IPC,420,1,1
262,IPC,379,1,1
263,NDPS,20,1,1
263,IPC,354,1,1
264,IPC,420,1,1
264,IPC,302,1,1
265,IPC,498A,1,1
265,NDPS,20,1,1
266,IPC,307,1,1
266,MVA,185,1,1
267,IPC,302,1,1
268,IPC,498A,1,1
269,NDPS,20,1,1
270,IPC,392,1,1
271,ITA,66C,1,1
272,IPC,392,1,1
273,IPC,392,1,1
273,ITA,66C,1,1
274,IPC,420,1,1
274,IPC,307,1,1
275,IPC,392,1,1
276,IPC,307,1,1
277,ITA,66D,1,1
278,IPC,498A,1,1
278,IPC,420,1,1
279,IPC,392,1,1
279,IPC,307,1,1
280,IPC,354,1,1
280,IPC,420,1,1
281,IPC,420,1,1
282,IPC,302,1,1
282,ITA,66C,1,1
283,IPC,307,1,1
284,IPC,420,1,1
284,IPC,498A,1,1
285,IPC,379,1,1
286,ITA,66C,1,1
286,NDPS,20,1,1
287,IPC,498A,1,1
288,IPC,392,1,1
289,IPC,498A,1,1
290,IPC,354,1,1
291,IPC,420,1,1
291,IPC,392,1,1
292,IPC,354,1,1
292,IPC,307,1,1
293,IPC,379,1,1
294,IPC,420,1,1
295,IPC,307,1,1
296,ITA,66D,1,1
297,IPC,307,1,1
298,IPC,354,1,1
299,MVA,185,1,1
299,IPC,498A,1,1
300,IPC,307,1,1
300,IPC,392,1,1
301,IPC,392,1,1
302,IPC,498A,1,1
302,IPC,498A,1,1
303,IPC,420,1,1
303,NDPS,20,1,1
304,IPC,307,1,1
304,IPC,302,1,1
305,IPC,498A,1,1
305,IPC,379,1,1
306,IPC,302,1,1
307,NDPS,20,1,1
307,MVA,185,1,1
308,MVA,185,1,1
308,IPC,498A,1,1
309,NDPS,20,1,1
309,IPC,392,1,1
310,NDPS,20,1,1
310,NDPS,20,1,1
311,NDPS,20,1,1
311,IPC,302,1,1
312,IPC,307,1,1
312,IPC,420,1,1
313,IPC,307,1,1
314,IPC,379,1,1
315,ITA,66D,1,1
315,IPC,420,1,1
316,MVA,185,1,1
317,IPC,420,1,1
317,ITA,66C,1,1
318,NDPS,20,1,1
319,ITA,66C,1,1
320,IPC,302,1,1
320,IPC,379,1,1
321,IPC,302,1,1
322,MVA,185,1,1
322,IPC,354,1,1
323,IPC,354,1,1
323,ITA,66C,1,1
324,IPC,354,1,1
325,IPC,420,1,1
325,IPC,354,1,1
326,NDPS,20,1,1
326,IPC,498A,1,1
327,IPC,307,1,1
328,IPC,302,1,1
328,IPC,379,1,1
329,IPC,379,1,1
329,IPC,498A,1,1
330,ITA,66D,1,1
331,IPC,392,1,1
331,ITA,66C,1,1
332,IPC,379,1,1
333,IPC,354,1,1
333,ITA,66D,1,1
334,IPC,302,1,1
335,IPC,307,1,1
336,IPC,302,1,1
337,IPC,307,1,1
338,IPC,420,1,1
339,ITA,66C,1,1
340,IPC,498A,1,1
341,IPC,354,1,1
342,IPC,307,1,1
343,MVA,185,1,1
343,NDPS,20,1,1
344,NDPS,20,1,1
344,IPC,498A,1,1
345,NDPS,20,1,1
345,IPC,392,1,1
346,ITA,66D,1,1
346,ITA,66D,1,1
347,IPC,392,1,1
347,MVA,185,1,1
348,ITA,66D,1,1
349,IPC,302,1,1
349,IPC,354,1,1
350,IPC,420,1,1
351,ITA,66D,1,1
352,IPC,302,1,1
353,ITA,66D,1,1
354,IPC,392,1,1
355,ITA,66D,1,1
356,IPC,302,1,1
357,ITA,66C,1,1
358,IPC,354,1,1
358,IPC,302,1,1
359,MVA,185,1,1
359,IPC,392,1,1
360,IPC,420,1,1
361,IPC,379,1,1
361,IPC,379,1,1
362,IPC,307,1,1
363,IPC,498A,1,1
363,IPC,498A,1,1
364,IPC,392,1,1
364,ITA,66D,1,1
365,MVA,185,1,1
365,IPC,498A,1,1
366,NDPS,20,1,1
366,IPC,420,1,1
367,ITA,66C,1,1
367,IPC,302,1,1
368,ITA,66D,1,1
368,IPC,392,1,1
369,IPC,392,1,1
369,IPC,498A,1,1
370,IPC,420,1,1
371,IPC,307,1,1
371,IPC,307,1,1
372,IPC,420,1,1
372,ITA,66C,1,1
373,IPC,302,1,1
373,IPC,354,1,1
374,IPC,307,1,1
374,IPC,307,1,1
375,IPC,392,1,1
375,IPC,498A,1,1
376,IPC,379,1,1
377,NDPS,20,1,1
378,IPC,420,1,1
378,MVA,185,1,1
379,NDPS,20,1,1
379,IPC,354,1,1
380,NDPS,20,1,1
381,IPC,392,1,1
381,MVA,185,1,1
382,IPC,354,1,1
383,MVA,185,1,1
383,NDPS,20,1,1
384,NDPS,20,1,1
385,IPC,379,1,1
385,IPC,354,1,1
386,IPC,498A,1,1
387,ITA,66D,1,1
387,IPC,307,1,1
388,IPC,354,1,1
389,NDPS,20,1,1
390,ITA,66C,1,1
391,IPC,379,1,1
391,IPC,302,1,1
392,IPC,498A,1,1
393,IPC,420,1,1
393,IPC,420,1,1
394,IPC,379,1,1
395,ITA,66C,1,1
396,IPC,498A,1,1
396,IPC,420,1,1
397,IPC,498A,1,1
397,MVA,185,1,1
398,IPC,420,1,1
398,IPC,354,1,1
399,ITA,66C,1,1
399,NDPS,20,1,1
400,IPC,498A,1,1
401,IPC,307,1,1
402,IPC,420,1,1
402,NDPS,20,1,1
403,MVA,185,1,1
404,IPC,379,1,1
405,NDPS,20,1,1
405,MVA,185,1,1
406,MVA,185,1,1
407,IPC,354,1,1
407,IPC,498A,1,1
408,IPC,307,1,1
409,IPC,392,1,1
410,ITA,66D,1,1
411,IPC,392,1,1
412,IPC,354,1,1
412,IPC,354,1,1
413,IPC,302,1,1
414,IPC,302,1,1
414,NDPS,20,1,1
415,IPC,420,1,1
416,NDPS,20,1,1
416,IPC,302,1,1
417,IPC,302,1,1
418,NDPS,20,1,1
418,IPC,307,1,1
419,IPC,354,1,1
419,IPC,392,1,1
420,IPC,307,1,1
421,IPC,354,1,1
421,ITA,66D,1,1
422,IPC,307,1,1
422,ITA,66D,1,1
423,IPC,392,1,1
423,ITA,66D,1,1
424,IPC,392,1,1
424,IPC,307,1,1
425,IPC,302,1,1
425,IPC,307,1,1
426,NDPS,20,1,1
427,ITA,66D,1,1
427,ITA,66D,1,1
428,MVA,185,1,1
428,IPC,307,1,1
429,ITA,66C,1,1
430,IPC,498A,1,1
431,IPC,379,1,1
432,IPC,302,1,1
433,ITA,66C,1,1
434,IPC,379,1,1
434,IPC,354,1,1
435,ITA,66D,1,1
435,IPC,302,1,1
436,NDPS,20,1,1
436,IPC,392,1,1
437,IPC,302,1,1
437,IPC,498A,1,1
438,IPC,379,1,1
439,IPC,302,1,1
440,ITA,66C,1,1
441,MVA,185,1,1
441,IPC,498A,1,1
442,NDPS,20,1,1
442,IPC,379,1,1
443,NDPS,20,1,1
443,IPC,498A,1,1
444,IPC,498A,1,1
445,IPC,498A,1,1
446,IPC,302,1,1
447,IPC,302,1,1
448,IPC,354,1,1
448,NDPS,20,1,1
449,NDPS,20,1,1
450,MVA,185,1,1
451,MVA,185,1,1
452,MVA,185,1,1
452,IPC,392,1,1
453,ITA,66C,1,1
453,IPC,354,1,1
454,NDPS,20,1,1
454,ITA,66C,1,1
455,ITA,66C,1,1
456,IPC,379,1,1
456,IPC,392,1,1
457,IPC,379,1,1
457,IPC,392,1,1
458,ITA,66C,1,1
458,IPC,379,1,1
459,IPC,420,1,1
459,ITA,66C,1,1
460,IPC,379,1,1
461,MVA,185,1,1
462,ITA,66D,1,1
463,MVA,185,1,1
463,IPC,307,1,1
464,IPC,498A,1,1
465,IPC,498A,1,1
465,IPC,307,1,1
466,IPC,302,1,1
467,IPC,302,1,1
468,IPC,302,1,1
469,MVA,185,1,1
469,NDPS,20,1,1
470,ITA,66C,1,1
471,MVA,185,1,1
471,MVA,185,1,1
472,MVA,185,1,1
472,MVA,185,1,1
473,NDPS,20,1,1
473,IPC,498A,1,1
474,IPC,420,1,1
475,IPC,302,1,1
475,IPC,392,1,1
476,IPC,354,1,1
476,IPC,498A,1,1
477,ITA,66C,1,1
477,ITA,66C,1,1
478,NDPS,20,1,1
479,IPC,354,1,1
480,NDPS,20,1,1
481,IPC,498A,1,1
481,ITA,66C,1,1
482,IPC,379,1,1
483,IPC,379,1,1
483,IPC,307,1,1
484,IPC,354,1,1
484,IPC,379,1,1
485,IPC,302,1,1
485,ITA,66C,1,1
486,ITA,66C,1,1
487,IPC,302,1,1
487,IPC,498A,1,1
488,ITA,66C,1,1
489,ITA,66C,1,1
489,IPC,420,1,1
490,ITA,66D,1,1
491,IPC,302,1,1
492,IPC,498A,1,1
493,ITA,66C,1,1
493,IPC,307,1,1
494,IPC,354,1,1
494,IPC,379,1,1
495,MVA,185,1,1
495,IPC,354,1,1
496,IPC,392,1,1
497,IPC,420,1,1
497,IPC,307,1,1
498,ITA,66D,1,1
499,IPC,420,1,1
499,IPC,392,1,1
500,IPC,498A,1,1
501,IPC,302,1,1
501,IPC,392,1,1
502,MVA,185,1,1
502,IPC,498A,1,1
503,MVA,185,1,1
503,MVA,185,1,1
504,MVA,185,1,1
504,ITA,66C,1,1
505,IPC,392,1,1
505,IPC,302,1,1
506,IPC,392,1,1
507,IPC,498A,1,1
507,ITA,66D,1,1
508,IPC,354,1,1
508,IPC,498A,1,1
509,ITA,66C,1,1
510,IPC,392,1,1
510,IPC,354,1,1
511,MVA,185,1,1
512,MVA,185,1,1
513,IPC,302,1,1
513,IPC,498A,1,1
514,IPC,498A,1,1
514,IPC,379,1,1
515,IPC,302,1,1
515,IPC,302,1,1
516,MVA,185,1,1
516,NDPS,20,1,1
517,MVA,185,1,1
518,IPC,498A,1,1
518,IPC,379,1,1
519,IPC,498A,1,1
519,IPC,498A,1,1
520,ITA,66D,1,1
520,IPC,420,1,1
521,IPC,302,1,1
521,ITA,66C,1,1
522,IPC,354,1,1
522,IPC,379,1,1
523,IPC,420,1,1
524,IPC,379,1,1
524,ITA,66D,1,1
525,IPC,307,1,1
526,IPC,379,1,1
526,IPC,392,1,1
527,IPC,392,1,1
527,MVA,185,1,1
528,ITA,66C,1,1
529,NDPS,20,1,1
530,IPC,420,1,1
531,IPC,379,1,1
531,IPC,379,1,1
532,IPC,302,1,1
532,IPC,354,1,1
533,MVA,185,1,1
533,IPC,302,1,1
534,ITA,66D,1,1
535,NDPS,20,1,1
535,IPC,420,1,1
536,IPC,498A,1,1
536,IPC,354,1,1
537,ITA,66C,1,1
538,ITA,66D,1,1
538,IPC,354,1,1
539,IPC,498A,1,1
540,IPC,354,1,1
540,IPC,420,1,1
541,IPC,420,1,1
541,ITA,66C,1,1
542,IPC,498A,1,1
542,IPC,498A,1,1
543,IPC,379,1,1
544,ITA,66D,1,1
545,NDPS,20,1,1
546,ITA,66D,1,1
547,IPC,498A,1,1
548,NDPS,20,1,1
549,IPC,302,1,1
550,IPC,302,1,1
550,IPC,392,1,1
551,IPC,498A,1,1
552,IPC,420,1,1
552,IPC,302,1,1
553,NDPS,20,1,1
553,ITA,66C,1,1
554,IPC,379,1,1
554,IPC,420,1,1
555,IPC,379,1,1
555,IPC,302,1,1
556,IPC,420,1,1
557,IPC,379,1,1
557,ITA,66C,1,1
558,IPC,392,1,1
559,IPC,302,1,1
559,IPC,302,1,1
560,IPC,498A,1,1
560,ITA,66D,1,1
561,IPC,392,1,1
561,NDPS,20,1,1
562,IPC,420,1,1
563,IPC,420,1,1
563,IPC,307,1,1
564,IPC,498A,1,1
565,IPC,379,1,1
566,IPC,302,1,1
566,IPC,379,1,1
567,IPC,498A,1,1
568,IPC,392,1,1
569,IPC,392,1,1
569,IPC,392,1,1
570,IPC,379,1,1
571,MVA,185,1,1
571,ITA,66C,1,1
572,IPC,498A,1,1
572,ITA,66C,1,1
573,MVA,185,1,1
573,IPC,392,1,1
574,IPC,307,1,1
575,NDPS,20,1,1
576,IPC,302,1,1
576,IPC,392,1,1
577,MVA,185,1,1
577,IPC,379,1,1
578,IPC,392,1,1
578,MVA,185,1,1
579,IPC,392,1,1
580,IPC,498A,1,1
580,IPC,498A,1,1
581,IPC,302,1,1
582,NDPS,20,1,1
583,IPC,420,1,1
583,MVA,185,1,1
584,MVA,185,1,1
585,NDPS,20,1,1
586,MVA,185,1,1
586,IPC,307,1,1
587,NDPS,20,1,1
587,IPC,354,1,1
588,IPC,354,1,1
588,ITA,66C,1,1
589,NDPS,20,1,1
589,IPC,354,1,1
590,IPC,307,1,1
590,IPC,379,1,1
591,IPC,354,1,1
591,NDPS,20,1,1
592,IPC,379,1,1
593,NDPS,20,1,1
593,ITA,66D,1,1
594,IPC,307,1,1
594,IPC,302,1,1
595,IPC,498A,1,1
595,MVA,185,1,1
596,IPC,307,1,1
597,IPC,392,1,1
597,IPC,379,1,1
598,IPC,392,1,1
599,IPC,307,1,1
599,NDPS,20,1,1
600,ITA,66C,1,1
600,IPC,392,1,1
601,NDPS,20,1,1
602,NDPS,20,1,1
602,NDPS,20,1,1
603,IPC,354,1,1
603,MVA,185,1,1
604,IPC,307,1,1
604,IPC,379,1,1
605,MVA,185,1,1
605,IPC,379,1,1
606,IPC,379,1,1
607,MVA,185,1,1
608,ITA,66C,1,1
609,IPC,307,1,1
610,IPC,392,1,1
610,IPC,354,1,1
611,IPC,379,1,1
612,ITA,66D,1,1
613,IPC,420,1,1
613,ITA,66C,1,1
614,ITA,66C,1,1
615,MVA,185,1,1
616,ITA,66D,1,1
617,ITA,66D,1,1
618,MVA,185,1,1
619,IPC,392,1,1
619,IPC,354,1,1
620,IPC,307,1,1
620,ITA,66C,1,1
621,IPC,302,1,1
622,MVA,185,1,1
623,IPC,379,1,1
623,IPC,392,1,1
624,MVA,185,1,1
625,IPC,420,1,1
626,MVA,185,1,1
626,NDPS,20,1,1
627,IPC,392,1,1
627,IPC,354,1,1
628,IPC,307,1,1
628,ITA,66D,1,1
629,IPC,307,1,1
630,NDPS,20,1,1
630,IPC,302,1,1
631,IPC,354,1,1
632,NDPS,20,1,1
633,IPC,498A,1,1
634,IPC,420,1,1
635,ITA,66C,1,1
636,ITA,66C,1,1
636,MVA,185,1,1
637,IPC,379,1,1
637,IPC,498A,1,1
638,IPC,392,1,1
638,ITA,66D,1,1
639,ITA,66D,1,1
639,ITA,66D,1,1
640,MVA,185,1,1
641,ITA,66C,1,1
641,IPC,379,1,1
642,ITA,66D,1,1
643,MVA,185,1,1
643,IPC,302,1,1
644,IPC,302,1,1
645,IPC,302,1,1
645,ITA,66C,1,1
646,IPC,307,1,1
646,IPC,420,1,1
647,NDPS,20,1,1
648,NDPS,20,1,1
649,ITA,66C,1,1
650,NDPS,20,1,1
651,MVA,185,1,1
651,NDPS,20,1,1
652,IPC,392,1,1
653,IPC,498A,1,1
653,NDPS,20,1,1
654,ITA,66C,1,1
654,ITA,66C,1,1
655,IPC,307,1,1
656,IPC,498A,1,1
656,NDPS,20,1,1
657,IPC,420,1,1
658,IPC,302,1,1
659,IPC,354,1,1
660,MVA,185,1,1
661,NDPS,20,1,1
661,IPC,420,1,1
662,IPC,302,1,1
662,ITA,66D,1,1
663,ITA,66C,1,1
664,ITA,66D,1,1
665,NDPS,20,1,1
665,IPC,498A,1,1
666,IPC,392,1,1
666,IPC,498A,1,1
667,ITA,66C,1,1
668,IPC,379,1,1
669,IPC,392,1,1
669,ITA,66C,1,1
670,MVA,185,1,1
671,NDPS,20,1,1
671,IPC,379,1,1
672,IPC,307,1,1
672,MVA,185,1,1
673,ITA,66D,1,1
674,IPC,392,1,1
675,IPC,354,1,1
676,ITA,66C,1,1
677,ITA,66D,1,1
678,IPC,420,1,1
679,IPC,307,1,1
679,NDPS,20,1,1
680,IPC,392,1,1
681,IPC,379,1,1
682,MVA,185,1,1
682,IPC,498A,1,1
683,IPC,307,1,1
684,IPC,379,1,1
685,NDPS,20,1,1
685,ITA,66D,1,1
686,ITA,66D,1,1
686,NDPS,20,1,1
687,IPC,354,1,1
688,IPC,354,1,1
688,ITA,66C,1,1
689,IPC,392,1,1
689,IPC,498A,1,1
690,IPC,379,1,1
691,IPC,420,1,1
692,ITA,66D,1,1
693,ITA,66C,1,1
693,IPC,498A,1,1
694,ITA,66C,1,1
695,MVA,185,1,1
696,IPC,379,1,1
696,IPC,498A,1,1
697,ITA,66D,1,1
698,IPC,302,1,1
699,IPC,392,1,1
700,IPC,302,1,1
701,IPC,392,1,1
701,IPC,498A,1,1
702,IPC,354,1,1
702,IPC,302,1,1
703,IPC,392,1,1
704,IPC,498A,1,1
704,IPC,420,1,1
705,IPC,420,1,1
705,NDPS,20,1,1
706,IPC,302,1,1
706,NDPS,20,1,1
707,ITA,66D,1,1
707,IPC,420,1,1
708,IPC,420,1,1
708,ITA,66C,1,1
709,IPC,420,1,1
710,IPC,392,1,1
710,IPC,420,1,1
711,IPC,354,1,1
712,ITA,66D,1,1
713,IPC,498A,1,1
713,IPC,302,1,1
714,MVA,185,1,1
714,IPC,302,1,1
715,IPC,420,1,1
716,NDPS,20,1,1
716,NDPS,20,1,1
717,ITA,66C,1,1
717,IPC,392,1,1
718,ITA,66C,1,1
719,NDPS,20,1,1
719,IPC,354,1,1
720,MVA,185,1,1
720,IPC,307,1,1
721,IPC,307,1,1
722,IPC,307,1,1
723,NDPS,20,1,1
723,IPC,420,1,1
724,ITA,66D,1,1
725,IPC,302,1,1
725,IPC,498A,1,1
726,ITA,66C,1,1
726,NDPS,20,1,1
727,IPC,307,1,1
728,IPC,420,1,1
728,IPC,392,1,1
729,IPC,379,1,1
729,MVA,185,1,1
730,ITA,66C,1,1
731,IPC,392,1,1
732,IPC,379,1,1
732,MVA,185,1,1
733,IPC,307,1,1
734,IPC,307,1,1
735,IPC,379,1,1
736,IPC,379,1,1
737,IPC,307,1,1
737,IPC,354,1,1
738,IPC,302,1,1
738,IPC,498A,1,1
739,MVA,185,1,1
739,IPC,302,1,1
740,IPC,354,1,1
740,NDPS,20,1,1
741,IPC,354,1,1
742,IPC,420,1,1
742,MVA,185,1,1
743,IPC,302,1,1
743,IPC,307,1,1
744,IPC,302,1,1
744,IPC,498A,1,1
745,MVA,185,1,1
745,NDPS,20,1,1
746,IPC,498A,1,1
746,IPC,392,1,1
747,IPC,302,1,1
747,NDPS,20,1,1
748,NDPS,20,1,1
748,IPC,498A,1,1
749,NDPS,20,1,1
750,IPC,379,1,1
750,NDPS,20,1,1
751,IPC,420,1,1
752,ITA,66D,1,1
753,IPC,354,1,1
753,IPC,498A,1,1
754,IPC,498A,1,1
755,IPC,420,1,1
756,IPC,392,1,1
756,NDPS,20,1,1
757,IPC,302,1,1
758,IPC,379,1,1
759,IPC,307,1,1
759,IPC,420,1,1
760,MVA,185,1,1
760,NDPS,20,1,1
761,ITA,66C,1,1
761,MVA,185,1,1
762,IPC,498A,1,1
762,ITA,66D,1,1
763,IPC,307,1,1
763,ITA,66D,1,1
764,MVA,185,1,1
765,NDPS,20,1,1
765,IPC,354,1,1
766,IPC,498A,1,1
767,IPC,392,1,1
767,IPC,420,1,1
768,NDPS,20,1,1
769,IPC,302,1,1
770,IPC,392,1,1
770,IPC,420,1,1
771,NDPS,20,1,1
772,IPC,498A,1,1
773,ITA,66D,1,1
773,IPC,392,1,1
774,IPC,420,1,1
775,IPC,302,1,1
775,IPC,498A,1,1
776,IPC,307,1,1
777,MVA,185,1,1
777,NDPS,20,1,1
778,NDPS,20,1,1
778,IPC,379,1,1
779,MVA,185,1,1
779,IPC,307,1,1
780,IPC,354,1,1
781,IPC,498A,1,1
782,MVA,185,1,1
782,NDPS,20,1,1
783,NDPS,20,1,1
783,IPC,498A,1,1
784,IPC,302,1,1
784,IPC,498A,1,1
785,IPC,307,1,1
786,IPC,354,1,1
786,IPC,498A,1,1
787,IPC,307,1,1
788,IPC,302,1,1
788,NDPS,20,1,1
789,NDPS,20,1,1
790,IPC,354,1,1
790,IPC,307,1,1
791,IPC,379,1,1
792,IPC,354,1,1
793,IPC,392,1,1
794,IPC,307,1,1
794,NDPS,20,1,1
795,IPC,420,1,1
796,IPC,307,1,1
796,NDPS,20,1,1
797,ITA,66C,1,1
798,IPC,302,1,1
798,NDPS,20,1,1
799,IPC,354,1,1
799,IPC,379,1,1
800,IPC,379,1,1
801,NDPS,20,1,1
801,IPC,498A,1,1
802,IPC,392,1,1
803,IPC,498A,1,1
804,IPC,302,1,1
804,IPC,420,1,1
805,NDPS,20,1,1
806,IPC,307,1,1
807,ITA,66D,1,1
807,ITA,66C,1,1
808,IPC,392,1,1
809,NDPS,20,1,1
810,ITA,66D,1,1
811,NDPS,20,1,1
812,IPC,307,1,1
812,IPC,379,1,1
813,IPC,420,1,1
813,IPC,307,1,1
814,IPC,354,1,1
814,IPC,379,1,1
815,IPC,379,1,1
815,IPC,307,1,1
816,ITA,66C,1,1
816,IPC,498A,1,1
817,IPC,302,1,1
818,NDPS,20,1,1
819,IPC,420,1,1
820,ITA,66D,1,1
821,IPC,392,1,1
821,IPC,379,1,1
822,ITA,66C,1,1
823,IPC,302,1,1
824,IPC,392,1,1
824,ITA,66C,1,1
825,IPC,392,1,1
826,NDPS,20,1,1
826,NDPS,20,1,1
827,IPC,307,1,1
828,IPC,379,1,1
828,IPC,354,1,1
829,MVA,185,1,1
829,ITA,66D,1,1
830,IPC,307,1,1
830,IPC,498A,1,1
831,IPC,302,1,1
831,ITA,66C,1,1
832,IPC,354,1,1
833,NDPS,20,1,1
834,ITA,66D,1,1
834,MVA,185,1,1
835,IPC,420,1,1
835,IPC,498A,1,1
836,IPC,379,1,1
836,IPC,498A,1,1
837,IPC,307,1,1
838,IPC,302,1,1
838,IPC,307,1,1
839,ITA,66C,1,1
840,ITA,66C,1,1
840,MVA,185,1,1
841,ITA,66C,1,1
841,IPC,307,1,1
842,ITA,66C,1,1
842,IPC,302,1,1
843,IPC,420,1,1
843,IPC,498A,1,1
844,IPC,379,1,1
844,MVA,185,1,1
845,IPC,354,1,1
846,IPC,302,1,1
846,NDPS,20,1,1
847,ITA,66C,1,1
848,IPC,302,1,1
849,IPC,392,1,1
849,IPC,392,1,1
850,IPC,307,1,1
850,IPC,307,1,1
851,NDPS,20,1,1
851,IPC,498A,1,1
852,IPC,498A,1,1
852,NDPS,20,1,1
853,NDPS,20,1,1
854,IPC,498A,1,1
854,ITA,66C,1,1
855,IPC,420,1,1
855,NDPS,20,1,1
856,IPC,354,1,1
856,NDPS,20,1,1
857,IPC,302,1,1
858,IPC,420,1,1
859,IPC,498A,1,1
859,MVA,185,1,1
860,IPC,302,1,1
861,MVA,185,1,1
862,IPC,307,1,1
862,IPC,379,1,1
863,IPC,379,1,1
863,IPC,392,1,1
864,IPC,498A,1,1
864,ITA,66C,1,1
865,IPC,379,1,1
866,MVA,185,1,1
867,NDPS,20,1,1
868,IPC,392,1,1
869,IPC,392,1,1
870,IPC,354,1,1
870,IPC,392,1,1
871,MVA,185,1,1
871,ITA,66D,1,1
872,IPC,307,1,1
872,IPC,392,1,1
873,ITA,66D,1,1
873,MVA,185,1,1
874,ITA,66D,1,1
874,ITA,66C,1,1
875,ITA,66D,1,1
875,IPC,392,1,1
876,IPC,379,1,1
876,IPC,379,1,1
877,IPC,498A,1,1
877,IPC,498A,1,1
878,ITA,66C,1,1
879,MVA,185,1,1
879,IPC,354,1,1
880,IPC,392,1,1
880,IPC,354,1,1
881,IPC,379,1,1
882,NDPS,20,1,1
882,IPC,379,1,1
883,MVA,185,1,1
884,IPC,420,1,1
884,IPC,307,1,1
885,MVA,185,1,1
886,IPC,354,1,1
886,ITA,66D,1,1
887,MVA,185,1,1
888,IPC,498A,1,1
888,NDPS,20,1,1
889,ITA,66D,1,1
889,IPC,302,1,1
890,IPC,420,1,1
891,MVA,185,1,1
892,IPC,392,1,1
893,IPC,498A,1,1
894,NDPS,20,1,1
895,ITA,66C,1,1
896,IPC,307,1,1
896,MVA,185,1,1
897,IPC,420,1,1
898,IPC,307,1,1
899,IPC,354,1,1
900,MVA,185,1,1
900,NDPS,20,1,1
901,ITA,66D,1,1
902,IPC,379,1,1
903,IPC,379,1,1
903,ITA,66C,1,1
904,IPC,307,1,1
904,IPC,302,1,1
905,IPC,354,1,1
906,ITA,66D,1,1
907,ITA,66C,1,1
907,NDPS,20,1,1
908,NDPS,20,1,1
909,ITA,66C,1,1
910,ITA,66D,1,1
911,ITA,66D,1,1
912,MVA,185,1,1
912,IPC,302,1,1
913,IPC,379,1,1
914,IPC,392,1,1
914,ITA,66C,1,1
915,ITA,66D,1,1
916,IPC,302,1,1
917,ITA,66D,1,1
918,IPC,392,1,1
919,IPC,498A,1,1
919,IPC,302,1,1
920,ITA,66C,1,1
920,IPC,307,1,1
921,ITA,66C,1,1
922,IPC,498A,1,1
922,IPC,420,1,1
923,IPC,354,1,1
924,ITA,66D,1,1
924,IPC,392,1,1
925,NDPS,20,1,1
925,IPC,392,1,1
926,MVA,185,1,1
927,IPC,307,1,1
928,ITA,66D,1,1
929,IPC,379,1,1
929,IPC,420,1,1
930,IPC,420,1,1
930,ITA,66C,1,1
931,IPC,420,1,1
931,NDPS,20,1,1
932,IPC,420,1,1
933,MVA,185,1,1
933,IPC,498A,1,1
934,ITA,66C,1,1
934,MVA,185,1,1
935,ITA,66C,1,1
936,IPC,498A,1,1
937,MVA,185,1,1
938,IPC,498A,1,1
938,MVA,185,1,1
939,ITA,66C,1,1
939,ITA,66C,1,1
940,IPC,379,1,1
941,MVA,185,1,1
941,MVA,185,1,1
942,IPC,354,1,1
942,IPC,354,1,1
943,MVA,185,1,1
943,ITA,66C,1,1
944,IPC,307,1,1
944,IPC,420,1,1
945,IPC,307,1,1
945,IPC,379,1,1
946,IPC,392,1,1
947,IPC,379,1,1
947,IPC,302,1,1
948,IPC,307,1,1
948,IPC,379,1,1
949,ITA,66D,1,1
949,IPC,302,1,1
950,IPC,307,1,1
950,IPC,307,1,1
951,MVA,185,1,1
951,NDPS,20,1,1
952,ITA,66C,1,1
953,IPC,498A,1,1
953,IPC,420,1,1
954,IPC,379,1,1
955,IPC,498A,1,1
956,IPC,379,1,1
956,IPC,392,1,1
957,IPC,302,1,1
957,IPC,498A,1,1
958,NDPS,20,1,1
959,IPC,498A,1,1
960,MVA,185,1,1
960,IPC,302,1,1
961,NDPS,20,1,1
961,IPC,392,1,1
962,NDPS,20,1,1
962,IPC,392,1,1
963,ITA,66D,1,1
963,ITA,66D,1,1
964,IPC,354,1,1
965,IPC,379,1,1
965,ITA,66C,1,1
966,IPC,420,1,1
966,IPC,420,1,1
967,IPC,498A,1,1
967,IPC,354,1,1
968,ITA,66D,1,1
969,IPC,354,1,1
970,ITA,66C,1,1
971,MVA,185,1,1
972,IPC,379,1,1
973,IPC,392,1,1
973,MVA,185,1,1
974,IPC,498A,1,1
974,IPC,392,1,1
975,MVA,185,1,1
975,NDPS,20,1,1
976,ITA,66D,1,1
977,NDPS,20,1,1
977,ITA,66D,1,1
978,ITA,66C,1,1
979,IPC,498A,1,1
979,IPC,498A,1,1
980,NDPS,20,1,1
980,ITA,66C,1,1
981,IPC,498A,1,1
981,ITA,66D,1,1
982,ITA,66C,1,1
983,NDPS,20,1,1
983,IPC,420,1,1
984,IPC,498A,1,1
984,ITA,66C,1,1
985,IPC,307,1,1
986,IPC,354,1,1
987,IPC,354,1,1
988,IPC,302,1,1
989,IPC,392,1,1
989,ITA,66C,1,1
990,IPC,302,1,1
990,IPC,498A,1,1
991,ITA,66D,1,1
992,IPC,392,1,1
993,MVA,185,1,1
993,IPC,354,1,1
994,IPC,379,1,1
994,IPC,420,1,1
995,IPC,392,1,1
996,IPC,420,1,1
996,NDPS,20,1,1
997,ITA,66C,1,1
997,IPC,307,1,1
998,IPC,307,1,1
998,MVA,185,1,1
999,ITA,66D,1,1
999,ITA,66D,1,1
1000,IPC,498A,1,1
1000,IPC,392,1,1
1001,IPC,392,1,1
1001,IPC,307,1,1
1002,IPC,302,1,1
1003,NDPS,20,1,1
1004,MVA,185,1,1
1004,IPC,498A,1,1
1005,NDPS,20,1,1
1006,IPC,498A,1,1
1006,IPC,379,1,1
1007,ITA,66C,1,1
1008,ITA,66D,1,1
1008,ITA,66C,1,1
1009,IPC,354,1,1
1010,ITA,66D,1,1
1010,IPC,420,1,1
1011,IPC,420,1,1
1011,IPC,420,1,1
1012,IPC,302,1,1
1012,IPC,379,1,1
1013,IPC,498A,1,1
1013,IPC,302,1,1
1014,IPC,392,1,1
1014,IPC,498A,1,1
1015,IPC,392,1,1
1016,NDPS,20,1,1
1016,IPC,379,1,1
1017,MVA,185,1,1
1018,IPC,302,1,1
1019,IPC,379,1,1
1019,IPC,498A,1,1
1020,IPC,498A,1,1
1020,IPC,392,1,1
1021,IPC,354,1,1
1021,IPC,307,1,1
1022,IPC,498A,1,1
1023,ITA,66D,1,1
1023,IPC,392,1,1
1024,ITA,66D,1,1
1025,IPC,420,1,1
1026,IPC,379,1,1
1027,IPC,354,1,1
1028,IPC,354,1,1
1029,IPC,307,1,1
1029,IPC,420,1,1
1030,NDPS,20,1,1
1030,IPC,307,1,1
1031,IPC,307,1,1
1031,NDPS,20,1,1
1032,IPC,498A,1,1
1033,IPC,307,1,1
1034,ITA,66D,1,1
1035,IPC,379,1,1
1036,MVA,185,1,1
1036,IPC,302,1,1
1037,IPC,354,1,1
1037,ITA,66C,1,1
1038,IPC,307,1,1
1039,IPC,392,1,1
1039,IPC,379,1,1
1040,ITA,66D,1,1
1041,IPC,498A,1,1
1042,ITA,66C,1,1
1043,IPC,379,1,1
1043,IPC,498A,1,1
1044,IPC,379,1,1
1044,ITA,66D,1,1
1045,MVA,185,1,1
1046,IPC,420,1,1
1047,IPC,354,1,1
1047,IPC,392,1,1
1048,IPC,498A,1,1
1048,IPC,420,1,1
1049,IPC,420,1,1
1049,ITA,66C,1,1
1050,IPC,379,1,1
1051,ITA,66C,1,1
1051,NDPS,20,1,1
1052,IPC,498A,1,1
1052,MVA,185,1,1
1053,ITA,66C,1,1
1053,IPC,392,1,1
1054,IPC,498A,1,1
1055,IPC,307,1,1
1056,ITA,66D,1,1
1056,MVA,185,1,1
1057,IPC,379,1,1
1057,IPC,302,1,1
1058,IPC,302,1,1
1058,IPC,420,1,1
1059,IPC,379,1,1
1060,NDPS,20,1,1
1060,IPC,354,1,1
1061,ITA,66D,1,1
1062,IPC,307,1,1
1062,IPC,302,1,1
1063,ITA,66D,1,1
1063,IPC,354,1,1
1064,ITA,66D,1,1
1065,MVA,185,1,1
1065,MVA,185,1,1
1066,IPC,379,1,1
1067,IPC,392,1,1
1068,IPC,392,1,1
1069,ITA,66C,1,1
1069,ITA,66C,1,1
1070,NDPS,20,1,1
1070,IPC,307,1,1
1071,IPC,420,1,1
1071,ITA,66C,1,1
1072,IPC,379,1,1
1072,ITA,66D,1,1
1073,IPC,354,1,1
1074,IPC,498A,1,1
1075,IPC,307,1,1
1076,IPC,420,1,1
1077,IPC,379,1,1
1077,ITA,66C,1,1
1078,IPC,392,1,1
1078,MVA,185,1,1
1079,ITA,66D,1,1
1079,IPC,498A,1,1
1080,IPC,392,1,1
1080,NDPS,20,1,1
1081,NDPS,20,1,1
1082,IPC,420,1,1
1082,IPC,392,1,1
1083,ITA,66C,1,1
1084,IPC,379,1,1
1084,IPC,420,1,1
1085,IPC,392,1,1
1086,IPC,392,1,1
1087,MVA,185,1,1
1088,NDPS,20,1,1
1088,IPC,379,1,1
1089,MVA,185,1,1
1089,IPC,498A,1,1
1090,ITA,66C,1,1
1091,IPC,420,1,1
1091,MVA,185,1,1
1092,NDPS,20,1,1
1093,IPC,354,1,1
1093,IPC,498A,1,1
1094,IPC,307,1,1
1094,IPC,420,1,1
1095,IPC,354,1,1
1095,ITA,66C,1,1
1096,IPC,307,1,1
1096,IPC,379,1,1
1097,MVA,185,1,1
1097,IPC,392,1,1
1098,IPC,498A,1,1
1098,NDPS,20,1,1
1099,MVA,185,1,1
1099,IPC,379,1,1
1100,ITA,66C,1,1
1101,IPC,307,1,1
1102,IPC,302,1,1
1103,MVA,185,1,1
1104,IPC,379,1,1
1105,ITA,66D,1,1
1105,IPC,420,1,1
1106,IPC,379,1,1
1106,IPC,498A,1,1
1107,IPC,354,1,1
1107,IPC,420,1,1
1108,IPC,498A,1,1
1109,NDPS,20,1,1
1109,IPC,392,1,1
1110,ITA,66C,1,1
1111,IPC,302,1,1
1111,ITA,66C,1,1
1112,IPC,379,1,1
1113,IPC,307,1,1
1114,NDPS,20,1,1
1114,ITA,66D,1,1
1115,IPC,392,1,1
1116,IPC,420,1,1
1116,IPC,392,1,1
1117,IPC,498A,1,1
1117,IPC,498A,1,1
1118,IPC,392,1,1
1118,ITA,66C,1,1
1119,IPC,498A,1,1
1119,MVA,185,1,1
1120,IPC,420,1,1
1121,IPC,498A,1,1
1121,IPC,307,1,1
1122,IPC,420,1,1
1123,MVA,185,1,1
1124,IPC,498A,1,1
1125,MVA,185,1,1
1125,IPC,392,1,1
1126,IPC,379,1,1
1127,IPC,498A,1,1
1128,IPC,392,1,1
1129,ITA,66C,1,1
1130,ITA,66D,1,1
1131,IPC,354,1,1
1132,ITA,66C,1,1
1133,IPC,420,1,1
1133,IPC,498A,1,1
1134,IPC,392,1,1
1134,IPC,379,1,1
1135,IPC,354,1,1
1136,ITA,66D,1,1
1136,NDPS,20,1,1
1137,IPC,354,1,1
1138,IPC,302,1,1
1139,IPC,307,1,1
1139,NDPS,20,1,1
1140,IPC,392,1,1
1140,ITA,66C,1,1
1141,IPC,420,1,1
1141,ITA,66C,1,1
1142,IPC,379,1,1
1143,MVA,185,1,1
1144,IPC,302,1,1
1145,IPC,302,1,1
1146,NDPS,20,1,1
1146,IPC,420,1,1
1147,IPC,307,1,1
1148,MVA,185,1,1
1148,IPC,392,1,1
1149,IPC,307,1,1
1150,MVA,185,1,1
1151,NDPS,20,1,1
1151,IPC,354,1,1
1152,IPC,420,1,1
1152,IPC,354,1,1
1153,IPC,420,1,1
1153,IPC,307,1,1
1154,IPC,302,1,1
1154,ITA,66D,1,1
1155,ITA,66D,1,1
1155,ITA,66D,1,1
1156,IPC,307,1,1
1157,IPC,392,1,1
1158,IPC,307,1,1
1158,NDPS,20,1,1
1159,MVA,185,1,1
1159,IPC,420,1,1
1160,NDPS,20,1,1
1161,MVA,185,1,1
1161,IPC,420,1,1
1162,IPC,307,1,1
1162,IPC,379,1,1
1163,IPC,302,1,1
1164,IPC,498A,1,1
1165,IPC,420,1,1
1166,MVA,185,1,1
1166,IPC,420,1,1
1167,NDPS,20,1,1
1167,IPC,392,1,1
1168,MVA,185,1,1
1169,IPC,354,1,1
1170,IPC,302,1,1
1171,IPC,302,1,1
1172,IPC,354,1,1
1172,IPC,307,1,1
1173,IPC,302,1,1
1173,MVA,185,1,1
1174,MVA,185,1,1
1175,IPC,354,1,1
1175,MVA,185,1,1
1176,NDPS,20,1,1
1176,IPC,420,1,1
1177,IPC,354,1,1
1177,NDPS,20,1,1
1178,IPC,307,1,1
1179,MVA,185,1,1
1179,ITA,66C,1,1
1180,IPC,498A,1,1
1181,IPC,392,1,1
1181,NDPS,20,1,1
1182,IPC,498A,1,1
1183,ITA,66D,1,1
1183,MVA,185,1,1
1184,IPC,354,1,1
1185,IPC,498A,1,1
1185,IPC,392,1,1
1186,ITA,66D,1,1
1186,IPC,307,1,1
1187,IPC,392,1,1
1187,MVA,185,1,1
1188,IPC,354,1,1
1189,IPC,498A,1,1
1190,NDPS,20,1,1
1191,ITA,66C,1,1
1191,IPC,354,1,1
1192,IPC,392,1,1
1193,IPC,392,1,1
1193,IPC,498A,1,1
1194,IPC,302,1,1
1195,NDPS,20,1,1
1196,ITA,66C,1,1
1196,IPC,392,1,1
1197,ITA,66C,1,1
1198,IPC,302,1,1
1199,IPC,379,1,1
1199,IPC,307,1,1
1200,MVA,185,1,1
1200,IPC,354,1,1
1201,NDPS,20,1,1
1201,ITA,66D,1,1
1202,IPC,379,1,1
1202,IPC,498A,1,1
1203,IPC,379,1,1
1204,IPC,302,1,1
1204,IPC,354,1,1
1205,MVA,185,1,1
1205,IPC,392,1,1
1206,IPC,420,1,1
1207,ITA,66D,1,1
1208,ITA,66C,1,1
1208,IPC,307,1,1
1209,IPC,392,1,1
1209,IPC,302,1,1
1210,ITA,66C,1,1
1210,IPC,498A,1,1
1211,IPC,302,1,1
1211,IPC,420,1,1
1212,IPC,392,1,1
1213,IPC,498A,1,1
1213,NDPS,20,1,1
1214,ITA,66C,1,1
1214,IPC,420,1,1
1215,ITA,66D,1,1
1216,IPC,379,1,1
1216,IPC,498A,1,1
1217,MVA,185,1,1
1217,IPC,307,1,1
1218,IPC,498A,1,1
1219,IPC,302,1,1
1219,IPC,498A,1,1
1220,IPC,379,1,1
1220,IPC,498A,1,1
1221,MVA,185,1,1
1221,IPC,354,1,1
1222,IPC,307,1,1
1223,IPC,420,1,1
1224,IPC,498A,1,1
1224,IPC,420,1,1
1225,IPC,392,1,1
1226,IPC,392,1,1
1227,MVA,185,1,1
1227,NDPS,20,1,1
1228,IPC,420,1,1
1229,IPC,354,1,1
1230,IPC,302,1,1
1230,NDPS,20,1,1
1231,NDPS,20,1,1
1232,ITA,66C,1,1
1233,IPC,498A,1,1
1234,MVA,185,1,1
1235,MVA,185,1,1
1235,IPC,498A,1,1
1236,ITA,66D,1,1
1237,IPC,379,1,1
1237,NDPS,20,1,1
1238,IPC,498A,1,1
1238,IPC,307,1,1
1239,IPC,498A,1,1
1239,IPC,379,1,1
1240,IPC,379,1,1
1241,IPC,420,1,1
1242,IPC,354,1,1
1242,IPC,420,1,1
1243,IPC,379,1,1
1243,ITA,66D,1,1
1244,IPC,379,1,1
1245,IPC,498A,1,1
1245,ITA,66C,1,1
1246,IPC,354,1,1
1247,MVA,185,1,1
1247,IPC,354,1,1
1248,NDPS,20,1,1
1249,IPC,302,1,1
1249,ITA,66D,1,1
1250,IPC,307,1,1
1251,ITA,66C,1,1
1251,IPC,354,1,1
1252,MVA,185,1,1
1253,ITA,66C,1,1
1253,IPC,307,1,1
1254,IPC,307,1,1
1255,IPC,392,1,1
1256,MVA,185,1,1
1257,IPC,302,1,1
1258,IPC,379,1,1
1258,NDPS,20,1,1
1259,NDPS,20,1,1
1260,ITA,66C,1,1
1261,ITA,66D,1,1
1262,ITA,66C,1,1
1262,NDPS,20,1,1
1263,IPC,498A,1,1
1263,NDPS,20,1,1
1264,MVA,185,1,1
1265,IPC,379,1,1
1265,IPC,354,1,1
1266,IPC,307,1,1
1267,NDPS,20,1,1
1268,IPC,354,1,1
1268,MVA,185,1,1
1269,IPC,354,1,1
1269,ITA,66C,1,1
1270,IPC,392,1,1
1270,MVA,185,1,1
1271,IPC,307,1,1
1271,IPC,307,1,1
1272,IPC,307,1,1
1272,ITA,66D,1,1
1273,IPC,354,1,1
1274,IPC,379,1,1
1274,ITA,66C,1,1
1275,MVA,185,1,1
1276,IPC,379,1,1
1276,IPC,498A,1,1
1277,IPC,302,1,1
1277,IPC,420,1,1
1278,IPC,302,1,1
1279,IPC,379,1,1
1280,NDPS,20,1,1
1280,ITA,66D,1,1
1281,ITA,66C,1,1
1281,IPC,354,1,1
1282,ITA,66D,1,1
1282,NDPS,20,1,1
1283,IPC,379,1,1
1283,IPC,392,1,1
1284,ITA,66C,1,1
1284,IPC,354,1,1
1285,IPC,392,1,1
1285,IPC,379,1,1
1286,MVA,185,1,1
1286,ITA,66C,1,1
1287,IPC,498A,1,1
1288,IPC,307,1,1
1289,IPC,498A,1,1
1290,IPC,307,1,1
1290,ITA,66C,1,1
1291,IPC,420,1,1
1291,IPC,420,1,1
1292,IPC,420,1,1
1293,IPC,498A,1,1
1294,IPC,498A,1,1
1294,IPC,392,1,1
1295,NDPS,20,1,1
1296,IPC,420,1,1
1296,IPC,420,1,1
1297,IPC,354,1,1
1297,IPC,392,1,1
1298,IPC,307,1,1
1299,NDPS,20,1,1
1300,IPC,354,1,1
1301,ITA,66D,1,1
1301,IPC,354,1,1
1302,NDPS,20,1,1
1303,IPC,354,1,1
1304,IPC,420,1,1
1305,IPC,498A,1,1
1305,IPC,392,1,1
1306,ITA,66C,1,1
1306,IPC,392,1,1
1307,NDPS,20,1,1
1307,IPC,392,1,1
1308,IPC,420,1,1
1308,IPC,354,1,1
1309,IPC,420,1,1
1310,IPC,392,1,1
1310,IPC,302,1,1
1311,IPC,302,1,1
1312,IPC,379,1,1
1313,NDPS,20,1,1
1314,IPC,354,1,1
1315,IPC,379,1,1
1315,IPC,392,1,1
1316,IPC,379,1,1
1317,IPC,498A,1,1
1317,IPC,392,1,1
1318,ITA,66C,1,1
1318,IPC,302,1,1
1319,IPC,379,1,1
1320,IPC,379,1,1
1321,IPC,354,1,1
1321,IPC,354,1,1
1322,IPC,498A,1,1
1322,MVA,185,1,1
1323,ITA,66D,1,1
1324,IPC,354,1,1
1324,NDPS,20,1,1
1325,IPC,392,1,1
1326,IPC,302,1,1
1326,IPC,354,1,1
1327,IPC,379,1,1
1327,IPC,302,1,1
1328,IPC,302,1,1
1329,IPC,392,1,1
1330,ITA,66D,1,1
1330,ITA,66C,1,1
1331,ITA,66D,1,1
1331,IPC,354,1,1
1332,IPC,379,1,1
1332,IPC,302,1,1
1333,MVA,185,1,1
1333,IPC,307,1,1
1334,IPC,302,1,1
1335,ITA,66C,1,1
1336,IPC,379,1,1
1337,NDPS,20,1,1
1337,ITA,66D,1,1
1338,IPC,354,1,1
1338,IPC,354,1,1
1339,IPC,420,1,1
1339,IPC,302,1,1
1340,IPC,420,1,1
1341,IPC,354,1,1
1342,MVA,185,1,1
1343,MVA,185,1,1
1344,IPC,354,1,1
1344,IPC,354,1,1
1345,IPC,420,1,1
1345,IPC,307,1,1
1346,IPC,302,1,1
1346,NDPS,20,1,1
1347,IPC,392,1,1
1348,IPC,392,1,1
1348,IPC,302,1,1
1349,IPC,379,1,1
1349,IPC,307,1,1
1350,IPC,354,1,1
1350,IPC,354,1,1
1351,IPC,307,1,1
1351,NDPS,20,1,1
1352,IPC,498A,1,1
1353,IPC,302,1,1
1354,IPC,379,1,1
1354,NDPS,20,1,1
1355,ITA,66C,1,1
1356,IPC,379,1,1
1356,IPC,392,1,1
1357,IPC,392,1,1
1357,ITA,66D,1,1
1358,ITA,66C,1,1
1358,IPC,420,1,1
1359,MVA,185,1,1
1359,IPC,379,1,1
1360,IPC,392,1,1
1360,IPC,307,1,1
1361,IPC,307,1,1
1362,IPC,498A,1,1
1362,IPC,392,1,1
1363,NDPS,20,1,1
1363,IPC,379,1,1
1364,IPC,379,1,1
1364,IPC,498A,1,1
1365,ITA,66D,1,1
1365,ITA,66C,1,1
1366,ITA,66D,1,1
1366,IPC,392,1,1
1367,IPC,498A,1,1
1367,IPC,498A,1,1
1368,IPC,498A,1,1
1369,IPC,392,1,1
1370,IPC,420,1,1
1370,NDPS,20,1,1
1371,MVA,185,1,1
1371,IPC,420,1,1
1372,ITA,66C,1,1
1372,MVA,185,1,1
1373,IPC,354,1,1
1374,ITA,66D,1,1
1374,NDPS,20,1,1
1375,IPC,379,1,1
1375,NDPS,20,1,1
1376,MVA,185,1,1
1377,IPC,392,1,1
1378,IPC,498A,1,1
1378,IPC,354,1,1
1379,IPC,392,1,1
1380,IPC,302,1,1
1380,NDPS,20,1,1
1381,IPC,420,1,1
1382,ITA,66D,1,1
1383,IPC,392,1,1
1383,NDPS,20,1,1
1384,IPC,354,1,1
1385,IPC,302,1,1
1386,IPC,302,1,1
1386,IPC,498A,1,1
1387,IPC,392,1,1
1388,IPC,307,1,1
1388,IPC,354,1,1
1389,ITA,66D,1,1
1389,MVA,185,1,1
1390,IPC,498A,1,1
1390,IPC,498A,1,1
1391,ITA,66C,1,1
1391,IPC,307,1,1
1392,ITA,66D,1,1
1393,MVA,185,1,1
1394,IPC,420,1,1
1395,IPC,354,1,1
1396,IPC,379,1,1
1396,IPC,307,1,1
1397,IPC,392,1,1
1397,IPC,379,1,1
1398,ITA,66C,1,1
1398,IPC,379,1,1
1399,ITA,66D,1,1
1399,IPC,354,1,1
1400,IPC,498A,1,1
1400,IPC,420,1,1
1401,ITA,66C,1,1
1402,IPC,392,1,1
1402,NDPS,20,1,1
1403,IPC,379,1,1
1403,IPC,307,1,1
1404,IPC,307,1,1
1404,MVA,185,1,1
1405,NDPS,20,1,1
1406,MVA,185,1,1
1406,IPC,307,1,1
1407,MVA,185,1,1
1408,IPC,307,1,1
1409,IPC,379,1,1
1410,IPC,302,1,1
1410,ITA,66C,1,1
1411,ITA,66C,1,1
1411,IPC,354,1,1
1412,IPC,354,1,1
1412,IPC,379,1,1
1413,IPC,498A,1,1
1413,IPC,379,1,1
1414,IPC,302,1,1
1415,NDPS,20,1,1
1416,IPC,354,1,1
1417,IPC,498A,1,1
1417,MVA,185,1,1
1418,IPC,379,1,1
1419,IPC,392,1,1
1419,IPC,302,1,1
1420,MVA,185,1,1
1421,IPC,420,1,1
1422,IPC,302,1,1
1423,ITA,66C,1,1
1423,ITA,66D,1,1
1424,IPC,379,1,1
1425,ITA,66D,1,1
1425,IPC,302,1,1
1426,IPC,307,1,1
1426,IPC,354,1,1
1427,IPC,379,1,1
1428,ITA,66C,1,1
1429,IPC,392,1,1
1430,IPC,379,1,1
1431,IPC,379,1,1
1431,IPC,354,1,1
1432,IPC,307,1,1
1432,IPC,379,1,1
1433,IPC,307,1,1
1433,IPC,420,1,1
1434,NDPS,20,1,1
1435,IPC,302,1,1
1436,ITA,66D,1,1
1436,IPC,302,1,1
1437,IPC,354,1,1
1437,IPC,392,1,1
1438,ITA,66D,1,1
1438,NDPS,20,1,1
1439,MVA,185,1,1
1440,ITA,66C,1,1
1440,NDPS,20,1,1
1441,IPC,392,1,1
1441,IPC,354,1,1
1442,IPC,392,1,1
1442,IPC,420,1,1
1443,IPC,498A,1,1
1443,IPC,379,1,1
1444,IPC,302,1,1
1445,MVA,185,1,1
1445,IPC,392,1,1
1446,IPC,302,1,1
1446,ITA,66C,1,1
1447,IPC,498A,1,1
1447,IPC,420,1,1
1448,IPC,307,1,1
1449,IPC,307,1,1
1450,IPC,420,1,1
1451,MVA,185,1,1
1452,ITA,66C,1,1
1453,IPC,379,1,1
1454,ITA,66C,1,1
1455,IPC,379,1,1
1455,IPC,498A,1,1
1456,IPC,498A,1,1
1456,IPC,307,1,1
1457,IPC,420,1,1
1457,MVA,185,1,1
1458,IPC,354,1,1
1458,IPC,498A,1,1
1459,IPC,498A,1,1
1459,IPC,392,1,1
1460,IPC,354,1,1
1461,IPC,379,1,1
1461,IPC,498A,1,1
1462,ITA,66C,1,1
1463,IPC,354,1,1
1463,IPC,307,1,1
1464,ITA,66C,1,1
1465,ITA,66C,1,1
1466,IPC,302,1,1
1466,IPC,302,1,1
1467,IPC,354,1,1
1467,IPC,420,1,1
1468,IPC,498A,1,1
1468,IPC,420,1,1
1469,ITA,66C,1,1
1470,NDPS,20,1,1
1471,IPC,302,1,1
1471,IPC,354,1,1
1472,IPC,302,1,1
1472,MVA,185,1,1
1473,IPC,354,1,1
1473,IPC,302,1,1
1474,IPC,420,1,1
1474,IPC,420,1,1
1475,IPC,392,1,1
1476,ITA,66C,1,1
1477,IPC,307,1,1
1478,IPC,498A,1,1
1478,IPC,498A,1,1
1479,IPC,354,1,1
1479,ITA,66C,1,1
1480,IPC,354,1,1
1481,MVA,185,1,1
1481,IPC,354,1,1
1482,ITA,66D,1,1
1483,ITA,66D,1,1
1484,IPC,498A,1,1
1485,IPC,354,1,1
1485,IPC,498A,1,1
1486,IPC,354,1,1
1486,IPC,379,1,1
1487,ITA,66D,1,1
1488,ITA,66C,1,1
1488,ITA,66D,1,1
1489,ITA,66D,1,1
1490,IPC,392,1,1
1491,NDPS,20,1,1
1491,IPC,420,1,1
1492,IPC,498A,1,1
1492,IPC,354,1,1
1493,IPC,302,1,1
1493,IPC,354,1,1
1494,IPC,302,1,1
1494,MVA,185,1,1
1495,IPC,379,1,1
1495,NDPS,20,1,1
1496,IPC,420,1,1
1496,ITA,66D,1,1
1497,IPC,379,1,1
1498,IPC,354,1,1
1499,IPC,302,1,1
1499,IPC,420,1,1
1500,IPC,420,1,1
1501,IPC,379,1,1
1501,IPC,354,1,1
1502,IPC,354,1,1
1502,IPC,420,1,1
1503,IPC,420,1,1
1503,IPC,307,1,1
1504,MVA,185,1,1
1504,IPC,392,1,1
1505,ITA,66C,1,1
1505,IPC,498A,1,1
1506,ITA,66D,1,1
1507,IPC,307,1,1
1508,IPC,307,1,1
1509,ITA,66C,1,1
1509,MVA,185,1,1
1510,IPC,307,1,1
1510,IPC,379,1,1
1511,MVA,185,1,1
1512,NDPS,20,1,1
1512,NDPS,20,1,1
1513,IPC,392,1,1
1514,IPC,354,1,1
1514,MVA,185,1,1
1515,MVA,185,1,1
1516,IPC,354,1,1
1516,ITA,66D,1,1
1517,IPC,307,1,1
1518,IPC,379,1,1
1518,IPC,392,1,1
1519,IPC,379,1,1
1520,IPC,420,1,1
1520,ITA,66D,1,1
1521,IPC,420,1,1
1521,IPC,307,1,1
1522,ITA,66D,1,1
1523,IPC,354,1,1
1524,IPC,379,1,1
1525,IPC,307,1,1
1525,IPC,354,1,1
1526,ITA,66C,1,1
1527,IPC,302,1,1
1528,NDPS,20,1,1
1529,MVA,185,1,1
1529,ITA,66D,1,1
1530,IPC,302,1,1
1531,ITA,66C,1,1
1531,IPC,354,1,1
1532,ITA,66C,1,1
1532,IPC,420,1,1
1533,MVA,185,1,1
1534,IPC,354,1,1
1534,IPC,498A,1,1
1535,IPC,379,1,1
1535,IPC,307,1,1
1536,MVA,185,1,1
1537,IPC,498A,1,1
1537,IPC,307,1,1
1538,IPC,392,1,1
1538,IPC,354,1,1
1539,IPC,420,1,1
1540,MVA,185,1,1
1541,IPC,392,1,1
1542,IPC,392,1,1
1543,IPC,498A,1,1
1544,IPC,307,1,1
1545,IPC,498A,1,1
1546,IPC,379,1,1
1546,IPC,392,1,1
1547,IPC,420,1,1
1547,MVA,185,1,1
1548,IPC,420,1,1
1549,ITA,66C,1,1
1549,IPC,420,1,1
1550,IPC,420,1,1
1551,IPC,354,1,1
1552,MVA,185,1,1
1552,ITA,66D,1,1
1553,MVA,185,1,1
1554,ITA,66D,1,1
1554,MVA,185,1,1
1555,IPC,307,1,1
1556,MVA,185,1,1
1557,IPC,420,1,1
1558,IPC,420,1,1
1559,IPC,392,1,1
1560,IPC,302,1,1
1561,NDPS,20,1,1
1562,MVA,185,1,1
1563,IPC,354,1,1
1564,IPC,307,1,1
1564,ITA,66C,1,1
1565,IPC,302,1,1
1566,IPC,420,1,1
1567,MVA,185,1,1
1567,IPC,420,1,1
1568,IPC,302,1,1
1568,IPC,354,1,1
1569,MVA,185,1,1
1569,MVA,185,1,1
1570,IPC,354,1,1
1571,ITA,66D,1,1
1571,MVA,185,1,1
1572,IPC,307,1,1
1573,ITA,66C,1,1
1573,IPC,354,1,1
1574,MVA,185,1,1
1574,IPC,420,1,1
1575,IPC,420,1,1
1576,NDPS,20,1,1
1576,IPC,420,1,1
1577,ITA,66D,1,1
1577,NDPS,20,1,1
1578,IPC,392,1,1
1579,MVA,185,1,1
1580,IPC,302,1,1
1581,IPC,498A,1,1
1582,IPC,392,1,1
1582,ITA,66D,1,1
1583,ITA,66C,1,1
1583,ITA,66C,1,1
1584,IPC,307,1,1
1585,ITA,66D,1,1
1586,IPC,302,1,1
1587,IPC,420,1,1
1588,IPC,420,1,1
1588,IPC,420,1,1
1589,IPC,379,1,1
1589,MVA,185,1,1
1590,ITA,66D,1,1
1591,IPC,354,1,1
1592,IPC,420,1,1
1592,MVA,185,1,1
1593,MVA,185,1,1
1593,IPC,420,1,1
1594,IPC,379,1,1
1594,MVA,185,1,1
1595,IPC,498A,1,1
1596,ITA,66D,1,1
1597,ITA,66C,1,1
1597,IPC,379,1,1
1598,IPC,302,1,1
1598,MVA,185,1,1
1599,IPC,498A,1,1
1599,IPC,379,1,1
1600,NDPS,20,1,1
1600,IPC,498A,1,1
1601,IPC,379,1,1
1601,IPC,392,1,1
1602,MVA,185,1,1
1603,IPC,498A,1,1
1604,MVA,185,1,1
1604,MVA,185,1,1
1605,IPC,498A,1,1
1605,IPC,354,1,1
1606,IPC,392,1,1
1606,IPC,420,1,1
1607,IPC,302,1,1
1608,NDPS,20,1,1
1609,ITA,66C,1,1
1610,IPC,302,1,1
1610,IPC,302,1,1
1611,IPC,307,1,1
1611,IPC,392,1,1
1612,IPC,379,1,1
1613,IPC,302,1,1
1614,IPC,307,1,1
1615,IPC,307,1,1
1616,NDPS,20,1,1
1617,IPC,498A,1,1
1618,IPC,302,1,1
1619,IPC,354,1,1
1619,IPC,354,1,1
1620,ITA,66D,1,1
1621,IPC,302,1,1
1621,IPC,420,1,1
1622,IPC,302,1,1
1623,IPC,302,1,1
1623,IPC,392,1,1
1624,IPC,307,1,1
1624,MVA,185,1,1
1625,IPC,307,1,1
1625,NDPS,20,1,1
1626,IPC,354,1,1
1627,NDPS,20,1,1
1628,MVA,185,1,1
1629,NDPS,20,1,1
1630,ITA,66C,1,1
1631,IPC,354,1,1
1631,ITA,66C,1,1
1632,IPC,498A,1,1
1632,IPC,354,1,1
1633,ITA,66C,1,1
1633,ITA,66C,1,1
1634,IPC,302,1,1
1635,NDPS,20,1,1
1636,IPC,354,1,1
1636,ITA,66D,1,1
1637,IPC,354,1,1
1637,NDPS,20,1,1
1638,ITA,66C,1,1
1639,MVA,185,1,1
1639,IPC,498A,1,1
1640,MVA,185,1,1
1640,IPC,498A,1,1
1641,IPC,392,1,1
1642,IPC,302,1,1
1643,ITA,66C,1,1
1643,IPC,307,1,1
1644,ITA,66C,1,1
1644,IPC,307,1,1
1645,IPC,354,1,1
1646,IPC,354,1,1
1647,IPC,420,1,1
1648,IPC,379,1,1
1648,IPC,379,1,1
1649,IPC,307,1,1
1649,IPC,420,1,1
1650,NDPS,20,1,1
1650,MVA,185,1,1
1651,IPC,420,1,1
1651,IPC,498A,1,1
1652,IPC,354,1,1
1652,MVA,185,1,1
1653,IPC,498A,1,1
1654,IPC,498A,1,1
1655,IPC,302,1,1
1655,ITA,66C,1,1
1656,NDPS,20,1,1
1656,IPC,392,1,1
1657,IPC,354,1,1
1657,ITA,66D,1,1
1658,ITA,66C,1,1
1658,ITA,66D,1,1
1659,IPC,420,1,1
1660,IPC,498A,1,1
1660,IPC,379,1,1
1661,ITA,66C,1,1
1661,IPC,307,1,1
1662,ITA,66C,1,1
1662,IPC,420,1,1
1663,IPC,420,1,1
1663,ITA,66C,1,1
1664,NDPS,20,1,1
1665,IPC,302,1,1
1665,NDPS,20,1,1
1666,IPC,354,1,1
1667,ITA,66C,1,1
1667,IPC,307,1,1
1668,IPC,498A,1,1
1668,ITA,66D,1,1
1669,ITA,66D,1,1
1670,IPC,420,1,1
1670,ITA,66D,1,1
1671,ITA,66D,1,1
1672,IPC,302,1,1
1673,IPC,392,1,1
1674,IPC,420,1,1
1674,IPC,354,1,1
1675,IPC,379,1,1
1675,ITA,66C,1,1
1676,IPC,302,1,1
1676,IPC,379,1,1
1677,IPC,354,1,1
1677,ITA,66C,1,1
1678,NDPS,20,1,1
1678,IPC,420,1,1
1679,IPC,420,1,1
1679,IPC,392,1,1
1680,IPC,354,1,1
1681,ITA,66D,1,1
1681,IPC,392,1,1
1682,IPC,420,1,1
1682,IPC,307,1,1
1683,IPC,302,1,1
1683,IPC,302,1,1
1684,MVA,185,1,1
1684,IPC,420,1,1
1685,NDPS,20,1,1
1686,NDPS,20,1,1
1687,ITA,66D,1,1
1687,ITA,66C,1,1
1688,IPC,302,1,1
1688,IPC,379,1,1
1689,IPC,392,1,1
1689,ITA,66D,1,1
1690,NDPS,20,1,1
1691,IPC,307,1,1
1692,IPC,354,1,1
1693,MVA,185,1,1
1694,IPC,379,1,1
1695,IPC,498A,1,1
1696,IPC,354,1,1
1696,IPC,420,1,1
1697,MVA,185,1,1
1698,IPC,379,1,1
1698,IPC,392,1,1
1699,IPC,307,1,1
1700,IPC,354,1,1
1701,MVA,185,1,1
1702,ITA,66C,1,1
1702,IPC,420,1,1
1703,IPC,379,1,1
1703,IPC,307,1,1
1704,IPC,379,1,1
1705,IPC,302,1,1
1705,IPC,392,1,1
1706,IPC,498A,1,1
1706,IPC,392,1,1
1707,IPC,379,1,1
1708,IPC,307,1,1
1708,IPC,354,1,1
1709,IPC,420,1,1
1710,ITA,66C,1,1
1710,MVA,185,1,1
1711,IPC,354,1,1
1711,ITA,66C,1,1
1712,ITA,66C,1,1
1713,MVA,185,1,1
1713,NDPS,20,1,1
1714,IPC,392,1,1
1715,MVA,185,1,1
1716,MVA,185,1,1
1717,NDPS,20,1,1
1717,IPC,354,1,1
1718,ITA,66C,1,1
1719,IPC,420,1,1
1720,NDPS,20,1,1
1721,IPC,379,1,1
1722,IPC,392,1,1
1723,IPC,420,1,1
1724,IPC,307,1,1
1724,IPC,420,1,1
1725,MVA,185,1,1
1725,MVA,185,1,1
1726,IPC,420,1,1
1727,IPC,307,1,1
1727,NDPS,20,1,1
1728,IPC,354,1,1
1729,IPC,379,1,1
1729,MVA,185,1,1
1730,IPC,498A,1,1
1731,IPC,307,1,1
1732,NDPS,20,1,1
1732,IPC,354,1,1
1733,ITA,66D,1,1
1733,IPC,498A,1,1
1734,IPC,354,1,1
1734,MVA,185,1,1
1735,IPC,302,1,1
1735,IPC,392,1,1
1736,MVA,185,1,1
1737,IPC,302,1,1
1738,IPC,392,1,1
1739,IPC,392,1,1
1740,IPC,392,1,1
1740,IPC,354,1,1
1741,IPC,420,1,1
1742,IPC,420,1,1
1743,ITA,66D,1,1
1744,IPC,302,1,1
1745,IPC,302,1,1
1746,ITA,66C,1,1
1746,IPC,392,1,1
1747,ITA,66C,1,1
1748,MVA,185,1,1
1749,IPC,354,1,1
1749,IPC,392,1,1
1750,IPC,307,1,1
1751,IPC,307,1,1
1751,IPC,302,1,1
1752,IPC,354,1,1
1753,IPC,302,1,1
1754,IPC,379,1,1
1754,ITA,66C,1,1
1755,IPC,392,1,1
1756,IPC,498A,1,1
1757,IPC,302,1,1
1757,IPC,307,1,1
1758,IPC,379,1,1
1758,IPC,302,1,1
1759,IPC,498A,1,1
1759,ITA,66C,1,1
1760,IPC,379,1,1
1760,IPC,354,1,1
1761,IPC,392,1,1
1762,MVA,185,1,1
1763,NDPS,20,1,1
1764,IPC,302,1,1
1765,IPC,302,1,1
1765,IPC,392,1,1
1766,ITA,66C,1,1
1767,MVA,185,1,1
1768,MVA,185,1,1
1768,NDPS,20,1,1
1769,IPC,498A,1,1
1770,IPC,302,1,1
1770,IPC,420,1,1
1771,IPC,379,1,1
1772,IPC,392,1,1
1773,IPC,307,1,1
1774,IPC,302,1,1
1774,ITA,66C,1,1
1775,ITA,66D,1,1
1776,IPC,420,1,1
1777,IPC,498A,1,1
1778,IPC,302,1,1
1778,IPC,302,1,1
1779,ITA,66C,1,1
1780,IPC,498A,1,1
1781,ITA,66D,1,1
1781,MVA,185,1,1
1782,IPC,354,1,1
1782,IPC,354,1,1
1783,IPC,307,1,1
1784,IPC,498A,1,1
1784,IPC,307,1,1
1785,NDPS,20,1,1
1786,NDPS,20,1,1
1787,ITA,66C,1,1
1788,IPC,302,1,1
1788,IPC,498A,1,1
1789,ITA,66D,1,1
1789,IPC,379,1,1
1790,IPC,420,1,1
1790,IPC,379,1,1
1791,NDPS,20,1,1
1791,IPC,392,1,1
1792,IPC,392,1,1
1792,IPC,307,1,1
1793,IPC,302,1,1
1794,IPC,392,1,1
1795,IPC,392,1,1
1795,IPC,302,1,1
1796,MVA,185,1,1
1797,IPC,307,1,1
1798,IPC,498A,1,1
1798,MVA,185,1,1
1799,NDPS,20,1,1
1799,IPC,307,1,1
1800,IPC,498A,1,1
1800,IPC,379,1,1
1801,NDPS,20,1,1
1801,NDPS,20,1,1
1802,NDPS,20,1,1
1802,IPC,420,1,1
1803,MVA,185,1,1
1804,ITA,66C,1,1
1805,NDPS,20,1,1
1806,IPC,307,1,1
1807,IPC,354,1,1
1808,ITA,66C,1,1
1809,MVA,185,1,1
1810,IPC,302,1,1
1811,ITA,66D,1,1
1811,IPC,302,1,1
1812,IPC,392,1,1
1812,ITA,66D,1,1
1813,IPC,302,1,1
1814,IPC,302,1,1
1814,IPC,420,1,1
1815,IPC,392,1,1
1815,IPC,379,1,1
1816,IPC,498A,1,1
1816,ITA,66C,1,1
1817,IPC,354,1,1
1818,IPC,420,1,1
1819,MVA,185,1,1
1819,MVA,185,1,1
1820,MVA,185,1,1
1821,IPC,392,1,1
1822,IPC,420,1,1
1822,IPC,379,1,1
1823,IPC,354,1,1
1823,NDPS,20,1,1
1824,IPC,354,1,1
1825,NDPS,20,1,1
1825,MVA,185,1,1
1826,IPC,379,1,1
1826,IPC,354,1,1
1827,IPC,420,1,1
1828,IPC,354,1,1
1829,ITA,66C,1,1
1829,ITA,66D,1,1
1830,IPC,392,1,1
1831,ITA,66C,1,1
1832,IPC,498A,1,1
1833,IPC,392,1,1
1833,IPC,307,1,1
1834,IPC,379,1,1
1835,IPC,379,1,1
1835,MVA,185,1,1
1836,NDPS,20,1,1
1836,ITA,66C,1,1
1837,ITA,66C,1,1
1838,IPC,302,1,1
1838,IPC,392,1,1
1839,IPC,420,1,1
1839,NDPS,20,1,1
1840,IPC,307,1,1
1840,ITA,66C,1,1
1841,NDPS,20,1,1
1842,IPC,379,1,1
1842,IPC,498A,1,1
1843,IPC,379,1,1
1844,MVA,185,1,1
1844,IPC,379,1,1
1845,IPC,498A,1,1
1846,MVA,185,1,1
1846,IPC,307,1,1
1847,IPC,392,1,1
1848,IPC,498A,1,1
1848,IPC,354,1,1
1849,NDPS,20,1,1
1850,IPC,379,1,1
1851,MVA,185,1,1
1852,ITA,66C,1,1
1853,IPC,498A,1,1
1853,IPC,379,1,1
1854,NDPS,20,1,1
1854,IPC,302,1,1
1855,IPC,420,1,1
1855,IPC,420,1,1
1856,ITA,66D,1,1
1857,IPC,392,1,1
1857,IPC,420,1,1
1858,IPC,307,1,1
1858,ITA,66D,1,1
1859,IPC,307,1,1
1859,MVA,185,1,1
1860,ITA,66C,1,1
1861,IPC,354,1,1
1861,IPC,354,1,1
1862,IPC,420,1,1
1863,IPC,420,1,1
1864,IPC,307,1,1
1865,NDPS,20,1,1
1866,IPC,307,1,1
1867,IPC,420,1,1
1868,ITA,66D,1,1
1868,IPC,354,1,1
1869,IPC,379,1,1
1870,IPC,302,1,1
1870,IPC,302,1,1
1871,IPC,379,1,1
1871,NDPS,20,1,1
1872,ITA,66C,1,1
1872,IPC,420,1,1
1873,IPC,392,1,1
1874,IPC,420,1,1
1874,IPC,354,1,1
1875,IPC,307,1,1
1876,IPC,420,1,1
1877,MVA,185,1,1
1877,IPC,354,1,1
1878,ITA,66C,1,1
1878,IPC,498A,1,1
1879,IPC,354,1,1
1880,IPC,307,1,1
1880,IPC,420,1,1
1881,IPC,354,1,1
1881,IPC,379,1,1
1882,IPC,307,1,1
1883,NDPS,20,1,1
1883,IPC,354,1,1
1884,IPC,379,1,1
1884,IPC,392,1,1
1885,IPC,379,1,1
1885,ITA,66D,1,1
1886,IPC,307,1,1
1886,NDPS,20,1,1
1887,IPC,354,1,1
1888,IPC,307,1,1
1889,IPC,307,1,1
1889,MVA,185,1,1
1890,IPC,379,1,1
1891,IPC,379,1,1
1892,IPC,302,1,1
1893,IPC,354,1,1
1893,IPC,420,1,1
1894,ITA,66C,1,1
1894,ITA,66D,1,1
1895,ITA,66C,1,1
1895,NDPS,20,1,1
1896,IPC,354,1,1
1896,IPC,354,1,1
1897,IPC,379,1,1
1898,IPC,379,1,1
1899,NDPS,20,1,1
1899,NDPS,20,1,1
1900,ITA,66D,1,1
1900,IPC,420,1,1
1901,IPC,302,1,1
1901,ITA,66D,1,1
1902,ITA,66C,1,1
1903,IPC,379,1,1
1904,IPC,498A,1,1
1905,ITA,66D,1,1
1906,MVA,185,1,1
1906,IPC,302,1,1
1907,NDPS,20,1,1
1908,ITA,66D,1,1
1909,IPC,379,1,1
1910,IPC,379,1,1
1911,IPC,379,1,1
1912,IPC,498A,1,1
1913,IPC,354,1,1
1913,IPC,354,1,1
1914,IPC,392,1,1
1915,IPC,302,1,1
1916,ITA,66D,1,1
1917,IPC,307,1,1
1918,IPC,379,1,1
1918,IPC,302,1,1
1919,IPC,354,1,1
1919,IPC,302,1,1
1920,ITA,66C,1,1
1921,IPC,302,1,1
1922,IPC,392,1,1
1923,IPC,354,1,1
1923,IPC,498A,1,1
1924,IPC,498A,1,1
1925,IPC,420,1,1
1925,IPC,392,1,1
1926,IPC,307,1,1
1926,NDPS,20,1,1
1927,IPC,392,1,1
1927,ITA,66C,1,1
1928,ITA,66D,1,1
1929,MVA,185,1,1
1930,MVA,185,1,1
1931,ITA,66C,1,1
1931,IPC,420,1,1
1932,IPC,379,1,1
1933,IPC,307,1,1
1934,IPC,354,1,1
1934,NDPS,20,1,1
1935,IPC,392,1,1
1936,IPC,420,1,1
1936,ITA,66C,1,1
1937,ITA,66C,1,1
1937,IPC,307,1,1
1938,IPC,307,1,1
1939,ITA,66C,1,1
1939,IPC,498A,1,1
1940,IPC,307,1,1
1940,IPC,498A,1,1
1941,IPC,420,1,1
1942,IPC,498A,1,1
1943,IPC,307,1,1
1944,IPC,307,1,1
1945,IPC,302,1,1
1945,IPC,307,1,1
1946,IPC,307,1,1
1946,IPC,307,1,1
1947,ITA,66D,1,1
1947,IPC,420,1,1
1948,MVA,185,1,1
1948,MVA,185,1,1
1949,MVA,185,1,1
1949,IPC,354,1,1
1950,IPC,498A,1,1
1951,ITA,66C,1,1
1952,IPC,307,1,1
1952,NDPS,20,1,1
1953,IPC,354,1,1
1954,IPC,420,1,1
1955,IPC,302,1,1
1956,IPC,302,1,1
1956,NDPS,20,1,1
1957,IPC,354,1,1
1958,IPC,307,1,1
1959,IPC,302,1,1
1960,IPC,379,1,1
1960,ITA,66D,1,1
1961,IPC,302,1,1
1961,ITA,66C,1,1
1962,ITA,66C,1,1
1963,IPC,498A,1,1
1964,IPC,302,1,1
1964,ITA,66D,1,1
1965,IPC,420,1,1
1966,IPC,392,1,1
1966,IPC,354,1,1
1967,IPC,379,1,1
1968,IPC,302,1,1
1968,NDPS,20,1,1
1969,MVA,185,1,1
1969,ITA,66C,1,1
1970,IPC,420,1,1
1970,IPC,498A,1,1
1971,IPC,302,1,1
1972,IPC,420,1,1
1972,IPC,420,1,1
1973,MVA,185,1,1
1974,IPC,307,1,1
1975,IPC,379,1,1
1975,MVA,185,1,1
1976,IPC,379,1,1
1977,NDPS,20,1,1
1978,NDPS,20,1,1
1979,MVA,185,1,1
1979,ITA,66C,1,1
1980,IPC,498A,1,1
1981,IPC,307,1,1
1981,NDPS,20,1,1
1982,IPC,307,1,1
1983,IPC,307,1,1
1983,IPC,307,1,1
1984,IPC,392,1,1
1984,ITA,66C,1,1
1985,IPC,379,1,1
1986,IPC,392,1,1
1986,IPC,354,1,1
1987,ITA,66D,1,1
1988,MVA,185,1,1
1988,IPC,302,1,1
1989,IPC,307,1,1
1989,IPC,379,1,1
1990,ITA,66D,1,1
1991,MVA,185,1,1
1992,IPC,307,1,1
1993,IPC,379,1,1
1993,IPC,379,1,1
1994,ITA,66C,1,1
1994,IPC,379,1,1
1995,IPC,307,1,1
1996,ITA,66C,1,1
1997,IPC,420,1,1
1997,IPC,392,1,1
1998,IPC,379,1,1
1999,IPC,420,1,1
2000,IPC,392,1,1
2000,IPC,379,1,1
2001,IPC,302,1,1
2001,MVA,185,1,1
2002,IPC,498A,1,1
2003,ITA,66C,1,1
2004,ITA,66C,1,1
2004,MVA,185,1,1
2005,IPC,498A,1,1
2006,IPC,498A,1,1
2006,NDPS,20,1,1
2007,ITA,66D,1,1
2007,IPC,307,1,1
2008,IPC,498A,1,1
2009,IPC,354,1,1
2010,ITA,66C,1,1
2011,ITA,66C,1,1
2012,IPC,354,1,1
2012,IPC,302,1,1
2013,IPC,498A,1,1
2013,ITA,66D,1,1
2014,IPC,354,1,1
2014,IPC,307,1,1
2015,IPC,498A,1,1
2015,ITA,66C,1,1
2016,IPC,354,1,1
2016,IPC,379,1,1
2017,IPC,307,1,1
2017,MVA,185,1,1
2018,ITA,66D,1,1
2019,MVA,185,1,1
2019,IPC,392,1,1
2020,IPC,354,1,1
2021,IPC,307,1,1
2022,IPC,420,1,1
2023,MVA,185,1,1
2023,ITA,66C,1,1
2024,MVA,185,1,1
2024,ITA,66D,1,1
2025,IPC,302,1,1
2025,IPC,392,1,1
2026,IPC,354,1,1
2027,NDPS,20,1,1
2027,IPC,302,1,1
2028,IPC,302,1,1
2029,ITA,66C,1,1
2030,IPC,498A,1,1
2031,IPC,420,1,1
2032,IPC,307,1,1
2032,IPC,302,1,1
2033,MVA,185,1,1
2034,IPC,354,1,1
2035,IPC,498A,1,1
2036,ITA,66D,1,1
2036,MVA,185,1,1
2037,MVA,185,1,1
2037,ITA,66C,1,1
2038,ITA,66C,1,1
2039,ITA,66C,1,1
2040,IPC,354,1,1
2041,MVA,185,1,1
2042,ITA,66D,1,1
2042,IPC,392,1,1
2043,IPC,420,1,1
2044,IPC,354,1,1
2045,ITA,66D,1,1
2046,IPC,307,1,1
2047,NDPS,20,1,1
2047,IPC,302,1,1
2048,ITA,66D,1,1
2049,MVA,185,1,1
2050,IPC,420,1,1
2050,IPC,302,1,1
2051,IPC,498A,1,1
2052,IPC,379,1,1
2053,IPC,302,1,1
2054,IPC,307,1,1
2054,IPC,498A,1,1
2055,IPC,307,1,1
2055,MVA,185,1,1
2056,IPC,392,1,1
2056,IPC,498A,1,1
2057,IPC,498A,1,1
2058,MVA,185,1,1
2058,IPC,392,1,1
2059,MVA,185,1,1
2060,ITA,66D,1,1
2061,IPC,392,1,1
2062,NDPS,20,1,1
2063,IPC,420,1,1
2063,ITA,66D,1,1
2064,ITA,66D,1,1
2064,IPC,379,1,1
2065,MVA,185,1,1
2066,IPC,307,1,1
2066,IPC,392,1,1
2067,IPC,498A,1,1
2067,IPC,307,1,1
2068,IPC,354,1,1
2068,ITA,66C,1,1
2069,ITA,66C,1,1
2069,IPC,302,1,1
2070,IPC,498A,1,1
2071,IPC,302,1,1
2071,ITA,66D,1,1
2072,ITA,66D,1,1
2073,IPC,379,1,1
2073,IPC,379,1,1
2074,IPC,379,1,1
2075,IPC,379,1,1
2076,IPC,392,1,1
2077,IPC,420,1,1
2077,IPC,420,1,1
2078,IPC,354,1,1
2078,MVA,185,1,1
2079,IPC,354,1,1
2079,IPC,302,1,1
2080,MVA,185,1,1
2081,IPC,302,1,1
2082,ITA,66C,1,1
2082,IPC,392,1,1
2083,IPC,498A,1,1
2084,NDPS,20,1,1
2085,IPC,379,1,1
2086,IPC,420,1,1
2087,IPC,302,1,1
2087,ITA,66D,1,1
2088,ITA,66C,1,1
2089,ITA,66C,1,1
2089,ITA,66D,1,1
2090,IPC,392,1,1
2090,IPC,302,1,1
2091,ITA,66C,1,1
2091,IPC,420,1,1
2092,IPC,307,1,1
2092,IPC,420,1,1
2093,NDPS,20,1,1
2093,ITA,66D,1,1
2094,IPC,392,1,1
2095,IPC,354,1,1
2095,IPC,420,1,1
2096,NDPS,20,1,1
2096,IPC,354,1,1
2097,IPC,307,1,1
2097,ITA,66D,1,1
2098,MVA,185,1,1
2098,IPC,498A,1,1
2099,MVA,185,1,1
2099,IPC,379,1,1
2100,IPC,420,1,1
2100,IPC,420,1,1
2101,IPC,379,1,1
2102,MVA,185,1,1
2103,ITA,66C,1,1
2103,MVA,185,1,1
2104,NDPS,20,1,1
2104,IPC,307,1,1
2105,IPC,354,1,1
2105,IPC,307,1,1
2106,NDPS,20,1,1
2107,IPC,392,1,1
2108,IPC,420,1,1
2109,NDPS,20,1,1
2109,ITA,66D,1,1
2110,IPC,392,1,1
2110,IPC,498A,1,1
2111,ITA,66C,1,1
2111,IPC,354,1,1
2112,ITA,66D,1,1
2112,IPC,420,1,1
2113,IPC,498A,1,1
2114,ITA,66D,1,1
2115,IPC,354,1,1
2116,ITA,66C,1,1
2116,MVA,185,1,1
2117,IPC,302,1,1
2118,IPC,392,1,1
2118,IPC,302,1,1
2119,IPC,392,1,1
2120,IPC,302,1,1
2121,IPC,498A,1,1
2122,ITA,66C,1,1
2123,IPC,420,1,1
2124,IPC,302,1,1
2124,IPC,302,1,1
2125,IPC,354,1,1
2126,ITA,66D,1,1
2126,ITA,66D,1,1
2127,NDPS,20,1,1
2128,ITA,66D,1,1
2129,IPC,302,1,1
2130,ITA,66D,1,1
2131,IPC,354,1,1
2132,ITA,66D,1,1
2132,IPC,354,1,1
2133,IPC,498A,1,1
2134,ITA,66C,1,1
2135,NDPS,20,1,1
2135,IPC,392,1,1
2136,IPC,392,1,1
2137,IPC,392,1,1
2138,IPC,302,1,1
2139,IPC,307,1,1
2140,NDPS,20,1,1
2140,NDPS,20,1,1
2141,ITA,66C,1,1
2142,ITA,66D,1,1
2143,IPC,392,1,1
2143,IPC,392,1,1
2144,IPC,354,1,1
2145,ITA,66C,1,1
2145,NDPS,20,1,1
2146,NDPS,20,1,1
2147,IPC,392,1,1
2148,IPC,498A,1,1
2148,IPC,354,1,1
2149,NDPS,20,1,1
2150,NDPS,20,1,1
2150,MVA,185,1,1
2151,IPC,498A,1,1
2151,IPC,307,1,1
2152,IPC,498A,1,1
2153,MVA,185,1,1
2153,MVA,185,1,1
2154,IPC,420,1,1
2154,IPC,420,1,1
2155,IPC,354,1,1
2156,NDPS,20,1,1
2157,IPC,379,1,1
2158,MVA,185,1,1
2159,IPC,498A,1,1
2159,ITA,66D,1,1
2160,IPC,392,1,1
2160,IPC,498A,1,1
2161,IPC,420,1,1
2162,IPC,307,1,1
2163,IPC,354,1,1
2163,ITA,66D,1,1
2164,NDPS,20,1,1
2164,IPC,307,1,1
2165,IPC,379,1,1
2166,IPC,379,1,1
2167,IPC,302,1,1
2167,IPC,392,1,1
2168,IPC,420,1,1
2169,IPC,302,1,1
2169,IPC,392,1,1
2170,ITA,66D,1,1
2170,IPC,498A,1,1
2171,IPC,498A,1,1
2171,IPC,392,1,1
2172,IPC,392,1,1
2173,IPC,302,1,1
2173,ITA,66C,1,1
2174,IPC,302,1,1
2174,IPC,354,1,1
2175,IPC,307,1,1
2175,IPC,379,1,1
2176,ITA,66C,1,1
2176,IPC,302,1,1
2177,IPC,307,1,1
2178,ITA,66C,1,1
2178,ITA,66C,1,1
2179,ITA,66D,1,1
2179,ITA,66D,1,1
2180,IPC,379,1,1
2180,IPC,392,1,1
2181,IPC,392,1,1
2181,IPC,420,1,1
2182,ITA,66C,1,1
2182,IPC,302,1,1
2183,IPC,379,1,1
2183,NDPS,20,1,1
2184,ITA,66D,1,1
2184,IPC,420,1,1
2185,IPC,420,1,1
2186,NDPS,20,1,1
2186,NDPS,20,1,1
2187,IPC,307,1,1
2187,IPC,379,1,1
2188,ITA,66D,1,1
2189,NDPS,20,1,1
2190,IPC,379,1,1
2191,NDPS,20,1,1
2192,ITA,66C,1,1
2192,IPC,420,1,1
2193,IPC,392,1,1
2193,IPC,392,1,1
2194,MVA,185,1,1
2194,IPC,392,1,1
2195,ITA,66D,1,1
2195,ITA,66C,1,1
2196,ITA,66D,1,1
2196,IPC,498A,1,1
2197,IPC,498A,1,1
2198,IPC,392,1,1
2198,IPC,307,1,1
2199,IPC,354,1,1
2199,IPC,498A,1,1
2200,IPC,379,1,1
2201,NDPS,20,1,1
2201,ITA,66C,1,1
2202,IPC,307,1,1
2203,NDPS,20,1,1
2203,IPC,307,1,1
2204,NDPS,20,1,1
2205,IPC,379,1,1
2205,MVA,185,1,1
2206,NDPS,20,1,1
2206,IPC,302,1,1
2207,NDPS,20,1,1
2207,IPC,354,1,1
2208,MVA,185,1,1
2208,ITA,66D,1,1
2209,IPC,302,1,1
2209,NDPS,20,1,1
2210,IPC,498A,1,1
2210,NDPS,20,1,1
2211,ITA,66C,1,1
2212,MVA,185,1,1
2212,IPC,392,1,1
2213,MVA,185,1,1
2214,IPC,498A,1,1
2214,IPC,420,1,1
2215,IPC,379,1,1
2215,IPC,420,1,1
2216,IPC,498A,1,1
2217,IPC,420,1,1
2217,ITA,66D,1,1
2218,ITA,66C,1,1
2219,NDPS,20,1,1
2219,IPC,392,1,1
2220,IPC,354,1,1
2221,ITA,66C,1,1
2222,IPC,307,1,1
2222,MVA,185,1,1
2223,ITA,66D,1,1
2224,ITA,66D,1,1
2224,MVA,185,1,1
2225,ITA,66D,1,1
2225,NDPS,20,1,1
2226,ITA,66D,1,1
2226,IPC,420,1,1
2227,ITA,66C,1,1
2227,ITA,66D,1,1
2228,ITA,66D,1,1
2229,NDPS,20,1,1
2229,ITA,66D,1,1
2230,IPC,392,1,1
2231,IPC,307,1,1
2232,IPC,354,1,1
2232,ITA,66C,1,1
2233,IPC,354,1,1
2233,IPC,392,1,1
2234,ITA,66D,1,1
2235,IPC,379,1,1
2235,IPC,498A,1,1
2236,ITA,66C,1,1
2236,ITA,66D,1,1
2237,IPC,307,1,1
2238,MVA,185,1,1
2239,IPC,392,1,1
2240,IPC,392,1,1
2240,IPC,420,1,1
2241,NDPS,20,1,1
2241,IPC,392,1,1
2242,IPC,354,1,1
2242,IPC,302,1,1
2243,ITA,66D,1,1
2243,ITA,66C,1,1
2244,IPC,302,1,1
2244,IPC,420,1,1
2245,IPC,354,1,1
2246,MVA,185,1,1
2247,ITA,66D,1,1
2247,ITA,66D,1,1
2248,ITA,66C,1,1
2249,IPC,379,1,1
2250,IPC,302,1,1
2250,IPC,354,1,1
2251,IPC,420,1,1
2252,IPC,420,1,1
2252,NDPS,20,1,1
2253,ITA,66C,1,1
2254,IPC,379,1,1
2254,IPC,354,1,1
2255,ITA,66C,1,1
2255,IPC,498A,1,1
2256,IPC,379,1,1
2256,IPC,354,1,1
2257,IPC,420,1,1
2258,IPC,354,1,1
2259,IPC,307,1,1
2260,ITA,66D,1,1
2261,MVA,185,1,1
2261,IPC,307,1,1
2262,IPC,420,1,1
2263,MVA,185,1,1
2264,NDPS,20,1,1
2265,IPC,307,1,1
2265,MVA,185,1,1
2266,ITA,66D,1,1
2266,IPC,498A,1,1
2267,IPC,307,1,1
2267,ITA,66D,1,1
2268,IPC,392,1,1
2268,IPC,379,1,1
2269,IPC,379,1,1
2270,IPC,392,1,1
2270,IPC,379,1,1
2271,NDPS,20,1,1
2272,ITA,66D,1,1
2273,IPC,392,1,1
2273,IPC,302,1,1
2274,IPC,420,1,1
2274,IPC,392,1,1
2275,IPC,307,1,1
2275,IPC,307,1,1
2276,ITA,66D,1,1
2277,MVA,185,1,1
2278,IPC,307,1,1
2278,IPC,498A,1,1
2279,IPC,498A,1,1
2279,IPC,379,1,1
2280,IPC,392,1,1
2281,IPC,420,1,1
2281,IPC,392,1,1
2282,IPC,498A,1,1
2282,ITA,66C,1,1
2283,IPC,420,1,1
2283,IPC,354,1,1
2284,ITA,66D,1,1
2285,IPC,302,1,1
2286,IPC,302,1,1
2286,IPC,302,1,1
2287,IPC,498A,1,1
2287,IPC,379,1,1
2288,IPC,379,1,1
2288,IPC,307,1,1
2289,IPC,307,1,1
2289,ITA,66C,1,1
2290,IPC,498A,1,1
2291,IPC,354,1,1
2292,NDPS,20,1,1
2292,IPC,498A,1,1
2293,ITA,66D,1,1
2293,ITA,66C,1,1
2294,ITA,66C,1,1
2294,IPC,392,1,1
2295,MVA,185,1,1
2296,IPC,354,1,1
2297,IPC,379,1,1
2297,IPC,498A,1,1
2298,ITA,66C,1,1
2299,IPC,307,1,1
2299,ITA,66D,1,1
2300,IPC,307,1,1
2300,IPC,392,1,1
2301,IPC,307,1,1
2302,IPC,379,1,1
2303,IPC,420,1,1
2303,IPC,498A,1,1
2304,IPC,498A,1,1
2305,ITA,66D,1,1
2305,MVA,185,1,1
2306,IPC,307,1,1
2306,NDPS,20,1,1
2307,NDPS,20,1,1
2308,IPC,307,1,1
2308,NDPS,20,1,1
2309,MVA,185,1,1
2309,IPC,307,1,1
2310,ITA,66D,1,1
2311,MVA,185,1,1
2311,MVA,185,1,1
2312,MVA,185,1,1
2312,NDPS,20,1,1
2313,NDPS,20,1,1
2313,ITA,66D,1,1
2314,ITA,66C,1,1
2314,ITA,66C,1,1
2315,ITA,66C,1,1
2315,IPC,392,1,1
2316,NDPS,20,1,1
2317,ITA,66D,1,1
2317,IPC,379,1,1
2318,IPC,498A,1,1
2318,IPC,498A,1,1
2319,ITA,66D,1,1
2319,IPC,379,1,1
2320,MVA,185,1,1
2320,MVA,185,1,1
2321,ITA,66C,1,1
2322,ITA,66C,1,1
2323,MVA,185,1,1
2323,IPC,354,1,1
2324,IPC,420,1,1
2324,ITA,66C,1,1
2325,IPC,302,1,1
2325,IPC,392,1,1
2326,IPC,307,1,1
2326,IPC,354,1,1
2327,IPC,420,1,1
2328,IPC,379,1,1
2328,IPC,354,1,1
2329,IPC,379,1,1
2330,IPC,392,1,1
2330,ITA,66C,1,1
2331,IPC,498A,1,1
2332,IPC,392,1,1
2333,IPC,420,1,1
2334,ITA,66C,1,1
2335,IPC,302,1,1
2336,IPC,354,1,1
2336,NDPS,20,1,1
2337,IPC,392,1,1
2338,IPC,302,1,1
2338,MVA,185,1,1
2339,IPC,420,1,1
2339,ITA,66C,1,1
2340,MVA,185,1,1
2340,IPC,302,1,1
2341,ITA,66C,1,1
2342,MVA,185,1,1
2342,IPC,420,1,1
2343,IPC,302,1,1
2343,IPC,392,1,1
2344,IPC,302,1,1
2345,ITA,66C,1,1
2346,IPC,354,1,1
2346,ITA,66D,1,1
2347,IPC,354,1,1
2348,IPC,392,1,1
2349,IPC,392,1,1
2349,ITA,66D,1,1
2350,IPC,420,1,1
2350,IPC,307,1,1
2351,IPC,302,1,1
2352,MVA,185,1,1
2353,IPC,302,1,1
2354,IPC,420,1,1
2354,IPC,302,1,1
2355,IPC,302,1,1
2356,ITA,66D,1,1
2356,IPC,392,1,1
2357,ITA,66C,1,1
2357,ITA,66D,1,1
2358,NDPS,20,1,1
2358,IPC,379,1,1
2359,ITA,66C,1,1
2359,IPC,498A,1,1
2360,IPC,420,1,1
2360,ITA,66C,1,1
2361,NDPS,20,1,1
2362,MVA,185,1,1
2362,IPC,392,1,1
2363,IPC,392,1,1
2363,ITA,66C,1,1
2364,IPC,498A,1,1
2364,IPC,392,1,1
2365,NDPS,20,1,1
2365,IPC,498A,1,1
2366,IPC,420,1,1
2366,MVA,185,1,1
2367,IPC,302,1,1
2368,IPC,392,1,1
2369,IPC,498A,1,1
2370,IPC,354,1,1
2371,IPC,302,1,1
2371,ITA,66C,1,1
2372,ITA,66C,1,1
2373,IPC,302,1,1
2373,IPC,420,1,1
2374,IPC,379,1,1
2374,ITA,66D,1,1
2375,ITA,66D,1,1
2375,ITA,66D,1,1
2376,IPC,307,1,1
2377,IPC,498A,1,1
2377,IPC,302,1,1
2378,MVA,185,1,1
2378,IPC,354,1,1
2379,IPC,379,1,1
2379,IPC,498A,1,1
2380,IPC,307,1,1
2380,NDPS,20,1,1
2381,NDPS,20,1,1
2382,IPC,420,1,1
2382,IPC,302,1,1
2383,IPC,354,1,1
2384,IPC,379,1,1
2384,IPC,379,1,1
2385,NDPS,20,1,1
2386,IPC,392,1,1
2386,IPC,420,1,1
2387,NDPS,20,1,1
2387,MVA,185,1,1
2388,IPC,420,1,1
2388,NDPS,20,1,1
2389,IPC,302,1,1
2390,IPC,420,1,1
2391,ITA,66D,1,1
2392,MVA,185,1,1
2392,ITA,66C,1,1
2393,ITA,66C,1,1
2394,NDPS,20,1,1
2394,ITA,66D,1,1
2395,IPC,498A,1,1
2395,IPC,379,1,1
2396,IPC,498A,1,1
2396,MVA,185,1,1
2397,IPC,354,1,1
2398,IPC,302,1,1
2399,IPC,498A,1,1
2399,ITA,66D,1,1
2400,IPC,420,1,1
2401,IPC,420,1,1
2401,ITA,66C,1,1
2402,IPC,498A,1,1
2402,ITA,66C,1,1
2403,IPC,354,1,1
2403,ITA,66D,1,1
2404,IPC,379,1,1
2405,NDPS,20,1,1
2405,IPC,354,1,1
2406,ITA,66C,1,1
2407,IPC,498A,1,1
2407,IPC,498A,1,1
2408,IPC,307,1,1
2409,ITA,66C,1,1
2410,IPC,307,1,1
2411,IPC,307,1,1
2412,ITA,66D,1,1
2412,ITA,66D,1,1
2413,IPC,302,1,1
2414,IPC,354,1,1
2414,IPC,307,1,1
2415,IPC,392,1,1
2416,IPC,379,1,1
2417,NDPS,20,1,1
2417,IPC,302,1,1
2418,ITA,66D,1,1
2418,ITA,66C,1,1
2419,IPC,392,1,1
2419,IPC,392,1,1
2420,ITA,66C,1,1
2420,IPC,307,1,1
2421,IPC,307,1,1
2422,IPC,379,1,1
2423,IPC,379,1,1
2424,IPC,307,1,1
2424,IPC,354,1,1
2425,IPC,379,1,1
2426,MVA,185,1,1
2427,IPC,392,1,1
2427,IPC,392,1,1
2428,IPC,354,1,1
2428,IPC,379,1,1
2429,IPC,379,1,1
2430,IPC,420,1,1
2430,IPC,307,1,1
2431,IPC,420,1,1
2431,ITA,66D,1,1
2432,IPC,379,1,1
2432,IPC,498A,1,1
2433,IPC,392,1,1
2434,ITA,66D,1,1
2434,IPC,498A,1,1
2435,ITA,66D,1,1
2435,MVA,185,1,1
2436,IPC,392,1,1
2437,IPC,307,1,1
2437,ITA,66D,1,1
2438,NDPS,20,1,1
2438,ITA,66D,1,1
2439,IPC,354,1,1
2439,ITA,66C,1,1
2440,ITA,66D,1,1
2441,NDPS,20,1,1
2442,IPC,302,1,1
2442,IPC,498A,1,1
2443,MVA,185,1,1
2443,IPC,302,1,1
2444,IPC,354,1,1
2445,IPC,302,1,1
2445,IPC,307,1,1
2446,ITA,66D,1,1
2447,MVA,185,1,1
2448,NDPS,20,1,1
2449,MVA,185,1,1
2449,IPC,354,1,1
2450,ITA,66D,1,1
2450,NDPS,20,1,1
2451,ITA,66D,1,1
2452,NDPS,20,1,1
2452,IPC,498A,1,1
2453,MVA,185,1,1
2453,MVA,185,1,1
2454,ITA,66C,1,1
2454,IPC,379,1,1
2455,IPC,354,1,1
2456,IPC,498A,1,1
2456,MVA,185,1,1
2457,IPC,302,1,1
2458,IPC,498A,1,1
2459,NDPS,20,1,1
2459,IPC,307,1,1
2460,ITA,66D,1,1
2460,IPC,302,1,1
2461,IPC,498A,1,1
2462,MVA,185,1,1
2463,IPC,354,1,1
2463,IPC,379,1,1
2464,IPC,498A,1,1
2465,IPC,307,1,1
2465,IPC,420,1,1
2466,IPC,498A,1,1
2466,IPC,420,1,1
2467,IPC,354,1,1
2467,IPC,498A,1,1
2468,NDPS,20,1,1
2468,IPC,392,1,1
2469,NDPS,20,1,1
2470,IPC,354,1,1
2471,IPC,420,1,1
2472,ITA,66D,1,1
2472,IPC,354,1,1
2473,IPC,498A,1,1
2473,IPC,302,1,1
2474,MVA,185,1,1
2475,IPC,379,1,1
2475,MVA,185,1,1
2476,IPC,379,1,1
2477,ITA,66D,1,1
2477,MVA,185,1,1
2478,IPC,307,1,1
2479,IPC,392,1,1
2479,IPC,498A,1,1
2480,IPC,354,1,1
2481,IPC,392,1,1
2481,IPC,379,1,1
2482,IPC,302,1,1
2482,IPC,392,1,1
2483,IPC,307,1,1
2484,IPC,354,1,1
2485,IPC,379,1,1
2486,IPC,302,1,1
2486,IPC,307,1,1
2487,IPC,307,1,1
2487,IPC,420,1,1
2488,IPC,420,1,1
2489,IPC,302,1,1
2489,IPC,302,1,1
2490,IPC,354,1,1
2491,IPC,379,1,1
2492,IPC,354,1,1
2492,ITA,66C,1,1
2493,IPC,354,1,1
2494,ITA,66D,1,1
2495,IPC,420,1,1
2495,ITA,66D,1,1
2496,IPC,354,1,1
2496,IPC,302,1,1
2497,IPC,392,1,1
2498,IPC,307,1,1
2499,IPC,354,1,1
2500,IPC,379,1,1
2500,IPC,392,1,1
2501,IPC,420,1,1
2501,ITA,66C,1,1
2502,MVA,185,1,1
2503,IPC,498A,1,1
2503,NDPS,20,1,1
2504,MVA,185,1,1
2504,IPC,392,1,1
2505,IPC,420,1,1
2505,IPC,354,1,1
2506,NDPS,20,1,1
2506,IPC,307,1,1
2507,IPC,302,1,1
2508,IPC,354,1,1
2508,IPC,498A,1,1
2509,ITA,66C,1,1
2509,IPC,302,1,1
2510,IPC,498A,1,1
2510,IPC,307,1,1
2511,IPC,498A,1,1
2511,IPC,420,1,1
2512,IPC,420,1,1
2512,MVA,185,1,1
2513,IPC,392,1,1
2513,MVA,185,1,1
2514,IPC,302,1,1
2515,IPC,498A,1,1
2515,IPC,420,1,1
2516,IPC,392,1,1
2516,IPC,379,1,1
2517,IPC,420,1,1
2517,IPC,420,1,1
2518,IPC,307,1,1
2519,IPC,302,1,1
2519,ITA,66C,1,1
2520,NDPS,20,1,1
2521,IPC,302,1,1
2521,ITA,66C,1,1
2522,ITA,66C,1,1
2523,IPC,354,1,1
2524,IPC,302,1,1
2525,IPC,420,1,1
2526,ITA,66C,1,1
2526,IPC,392,1,1
2527,IPC,307,1,1
2528,IPC,392,1,1
2528,IPC,379,1,1
2529,IPC,354,1,1
2530,IPC,307,1,1
2530,IPC,392,1,1
2531,IPC,420,1,1
2532,ITA,66C,1,1
2532,ITA,66D,1,1
2533,IPC,392,1,1
2534,NDPS,20,1,1
2535,IPC,498A,1,1
2536,IPC,307,1,1
2537,IPC,420,1,1
2538,ITA,66C,1,1
2538,IPC,498A,1,1
2539,IPC,302,1,1
2539,IPC,379,1,1
2540,IPC,392,1,1
2541,IPC,379,1,1
2541,IPC,307,1,1
2542,IPC,354,1,1
2543,ITA,66C,1,1
2543,ITA,66D,1,1
2544,IPC,379,1,1
2544,NDPS,20,1,1
2545,IPC,392,1,1
2546,ITA,66D,1,1
2546,IPC,392,1,1
2547,IPC,354,1,1
2548,IPC,307,1,1
2549,IPC,302,1,1
2550,IPC,307,1,1
2551,MVA,185,1,1
2552,IPC,420,1,1
2553,NDPS,20,1,1
2554,IPC,354,1,1
2555,ITA,66C,1,1
2556,ITA,66D,1,1
2557,IPC,354,1,1
2558,ITA,66C,1,1
2558,MVA,185,1,1
2559,IPC,379,1,1
2559,IPC,420,1,1
2560,IPC,420,1,1
2561,IPC,302,1,1
2561,IPC,307,1,1
2562,IPC,379,1,1
2563,IPC,379,1,1
2564,IPC,354,1,1
2565,ITA,66D,1,1
2565,MVA,185,1,1
2566,ITA,66D,1,1
2566,IPC,302,1,1
2567,MVA,185,1,1
2567,ITA,66C,1,1
2568,IPC,498A,1,1
2569,IPC,392,1,1
2570,ITA,66C,1,1
2571,IPC,379,1,1
2572,IPC,420,1,1
2573,IPC,354,1,1
2574,IPC,420,1,1
2574,IPC,354,1,1
2575,NDPS,20,1,1
2575,IPC,420,1,1
2576,IPC,498A,1,1
2576,MVA,185,1,1
2577,ITA,66D,1,1
2578,IPC,307,1,1
2579,IPC,420,1,1
2580,MVA,185,1,1
2580,IPC,379,1,1
2581,NDPS,20,1,1
2582,IPC,498A,1,1
2583,IPC,302,1,1
2584,IPC,392,1,1
2585,IPC,307,1,1
2585,IPC,307,1,1
2586,IPC,354,1,1
2586,IPC,354,1,1
2587,IPC,307,1,1
2587,IPC,379,1,1
2588,IPC,302,1,1
2588,IPC,354,1,1
2589,MVA,185,1,1
2589,IPC,307,1,1
2590,IPC,307,1,1
2590,IPC,498A,1,1
2591,IPC,379,1,1
2591,MVA,185,1,1
2592,IPC,392,1,1
2593,ITA,66D,1,1
2594,IPC,379,1,1
2594,IPC,379,1,1
2595,IPC,307,1,1
2595,ITA,66D,1,1
2596,IPC,392,1,1
2596,IPC,354,1,1
2597,ITA,66C,1,1
2597,MVA,185,1,1
2598,IPC,302,1,1
2599,IPC,307,1,1
2599,IPC,379,1,1
2600,ITA,66D,1,1
2600,MVA,185,1,1
2601,ITA,66C,1,1
2601,IPC,392,1,1
2602,IPC,302,1,1
2603,MVA,185,1,1
2604,IPC,392,1,1
2605,IPC,379,1,1
2605,ITA,66C,1,1
2606,IPC,498A,1,1
2606,IPC,392,1,1
2607,IPC,302,1,1
2608,NDPS,20,1,1
2609,IPC,498A,1,1
2609,IPC,498A,1,1
2610,IPC,498A,1,1
2611,IPC,354,1,1
2612,ITA,66D,1,1
2613,IPC,498A,1,1
2613,MVA,185,1,1
2614,IPC,392,1,1
2615,NDPS,20,1,1
2615,IPC,379,1,1
2616,ITA,66C,1,1
2616,NDPS,20,1,1
2617,ITA,66D,1,1
2617,MVA,185,1,1
2618,IPC,392,1,1
2618,IPC,379,1,1
2619,IPC,302,1,1
2619,IPC,302,1,1
2620,MVA,185,1,1
2620,ITA,66C,1,1
2621,IPC,498A,1,1
2622,IPC,420,1,1
2622,IPC,302,1,1
2623,IPC,307,1,1
2623,IPC,354,1,1
2624,IPC,379,1,1
2624,ITA,66C,1,1
2625,IPC,302,1,1
2625,IPC,498A,1,1
2626,ITA,66C,1,1
2626,MVA,185,1,1
2627,ITA,66D,1,1
2628,ITA,66D,1,1
2629,IPC,302,1,1
2630,IPC,392,1,1
2631,IPC,354,1,1
2632,NDPS,20,1,1
2632,IPC,307,1,1
2633,IPC,307,1,1
2633,IPC,302,1,1
2634,IPC,307,1,1
2634,IPC,379,1,1
2635,MVA,185,1,1
2635,IPC,354,1,1
2636,IPC,379,1,1
2636,IPC,420,1,1
2637,IPC,307,1,1
2638,ITA,66D,1,1
2639,NDPS,20,1,1
2640,IPC,302,1,1
2641,IPC,354,1,1
2642,IPC,354,1,1
2643,IPC,302,1,1
2644,NDPS,20,1,1
2644,IPC,307,1,1
2645,IPC,302,1,1
2645,NDPS,20,1,1
2646,IPC,420,1,1
2647,NDPS,20,1,1
2648,IPC,420,1,1
2648,NDPS,20,1,1
2649,IPC,379,1,1
2649,MVA,185,1,1
2650,IPC,379,1,1
2650,NDPS,20,1,1
2651,IPC,302,1,1
2651,IPC,379,1,1
2652,IPC,498A,1,1
2652,ITA,66D,1,1
2653,IPC,354,1,1
2653,IPC,420,1,1
2654,IPC,302,1,1
2655,NDPS,20,1,1
2655,ITA,66D,1,1
2656,IPC,354,1,1
2657,IPC,379,1,1
2657,IPC,420,1,1
2658,IPC,302,1,1
2658,IPC,392,1,1
2659,IPC,498A,1,1
2659,IPC,307,1,1
2660,NDPS,20,1,1
2661,IPC,379,1,1
2662,IPC,420,1,1
2663,NDPS,20,1,1
2664,NDPS,20,1,1
2664,IPC,420,1,1
2665,IPC,307,1,1
2666,IPC,420,1,1
2666,ITA,66C,1,1
2667,IPC,379,1,1
2667,IPC,302,1,1
2668,IPC,307,1,1
2669,IPC,307,1,1
2670,IPC,302,1,1
2671,ITA,66C,1,1
2671,NDPS,20,1,1
2672,IPC,498A,1,1
2673,IPC,379,1,1
2673,IPC,307,1,1
2674,IPC,498A,1,1
2674,IPC,302,1,1
2675,IPC,379,1,1
2676,ITA,66C,1,1
2676,NDPS,20,1,1
2677,IPC,302,1,1
2677,IPC,379,1,1
2678,NDPS,20,1,1
2679,IPC,302,1,1
2680,IPC,379,1,1
2681,IPC,498A,1,1
2681,IPC,302,1,1
2682,IPC,354,1,1
2683,IPC,354,1,1
2684,IPC,420,1,1
2684,IPC,302,1,1
2685,IPC,392,1,1
2685,IPC,420,1,1
2686,ITA,66C,1,1
2687,IPC,392,1,1
2688,IPC,307,1,1
2688,IPC,392,1,1
2689,ITA,66C,1,1
2690,IPC,307,1,1
2690,IPC,420,1,1
2691,IPC,302,1,1
2692,ITA,66C,1,1
2693,NDPS,20,1,1
2694,IPC,498A,1,1
2695,IPC,307,1,1
2695,IPC,498A,1,1
2696,ITA,66D,1,1
2696,MVA,185,1,1
2697,IPC,498A,1,1
2698,IPC,498A,1,1
2699,IPC,420,1,1
2699,MVA,185,1,1
2700,IPC,354,1,1
2700,IPC,420,1,1
2701,IPC,307,1,1
2702,IPC,379,1,1
2702,IPC,379,1,1
2703,IPC,498A,1,1
2704,MVA,185,1,1
2704,ITA,66C,1,1
2705,IPC,379,1,1
2705,IPC,307,1,1
2706,IPC,307,1,1
2706,IPC,392,1,1
2707,IPC,392,1,1
2707,IPC,307,1,1
2708,NDPS,20,1,1
2709,ITA,66D,1,1
2710,NDPS,20,1,1
2710,IPC,392,1,1
2711,ITA,66D,1,1
2712,ITA,66D,1,1
2713,IPC,354,1,1
2713,IPC,420,1,1
2714,ITA,66C,1,1
2714,ITA,66D,1,1
2715,IPC,354,1,1
2715,IPC,379,1,1
2716,IPC,420,1,1
2717,ITA,66D,1,1
2717,ITA,66C,1,1
2718,IPC,302,1,1
2718,IPC,392,1,1
2719,MVA,185,1,1
2719,NDPS,20,1,1
2720,ITA,66D,1,1
2721,IPC,379,1,1
2722,MVA,185,1,1
2723,IPC,379,1,1
2723,NDPS,20,1,1
2724,IPC,307,1,1
2724,MVA,185,1,1
2725,IPC,420,1,1
2725,ITA,66C,1,1
2726,NDPS,20,1,1
2726,IPC,392,1,1
2727,IPC,307,1,1
2727,IPC,420,1,1
2728,ITA,66C,1,1
2729,IPC,302,1,1
2729,ITA,66D,1,1
2730,MVA,185,1,1
2730,IPC,420,1,1
2731,IPC,307,1,1
2732,IPC,379,1,1
2733,ITA,66C,1,1
2734,IPC,392,1,1
2735,IPC,498A,1,1
2735,IPC,498A,1,1
2736,ITA,66C,1,1
2737,IPC,498A,1,1
2738,ITA,66D,1,1
2738,IPC,354,1,1
2739,MVA,185,1,1
2739,IPC,498A,1,1
2740,MVA,185,1,1
2741,ITA,66D,1,1
2742,MVA,185,1,1
2743,IPC,420,1,1
2744,ITA,66D,1,1
2745,IPC,420,1,1
2745,IPC,354,1,1
2746,IPC,354,1,1
2747,IPC,307,1,1
2748,IPC,420,1,1
2748,IPC,302,1,1
2749,IPC,307,1,1
2749,IPC,307,1,1
2750,IPC,354,1,1
2751,IPC,392,1,1
2752,IPC,302,1,1
2753,IPC,379,1,1
2754,IPC,302,1,1
2754,IPC,379,1,1
2755,IPC,420,1,1
2755,ITA,66D,1,1
2756,NDPS,20,1,1
2756,IPC,498A,1,1
2757,ITA,66D,1,1
2758,ITA,66C,1,1
2759,IPC,379,1,1
2760,ITA,66C,1,1
2760,IPC,354,1,1
2761,IPC,307,1,1
2762,MVA,185,1,1
2762,IPC,420,1,1
2763,IPC,392,1,1
2764,IPC,420,1,1
2765,IPC,307,1,1
2765,NDPS,20,1,1
2766,IPC,379,1,1
2767,IPC,392,1,1
2768,IPC,302,1,1
2768,ITA,66C,1,1
2769,ITA,66C,1,1
2770,IPC,307,1,1
2770,IPC,420,1,1
2771,IPC,307,1,1
2772,IPC,307,1,1
2772,IPC,498A,1,1
2773,ITA,66C,1,1
2774,ITA,66D,1,1
2775,ITA,66D,1,1
2775,ITA,66D,1,1
2776,ITA,66C,1,1
2776,IPC,302,1,1
2777,ITA,66C,1,1
2778,ITA,66D,1,1
2779,ITA,66D,1,1
2780,IPC,420,1,1
2781,ITA,66C,1,1
2782,ITA,66C,1,1
2783,ITA,66D,1,1
2784,IPC,420,1,1
2785,IPC,392,1,1
2785,IPC,379,1,1
2786,IPC,392,1,1
2786,IPC,498A,1,1
2787,ITA,66D,1,1
2787,IPC,379,1,1
2788,IPC,307,1,1
2788,NDPS,20,1,1
2789,ITA,66D,1,1
2789,IPC,498A,1,1
2790,IPC,420,1,1
2790,ITA,66D,1,1
2791,IPC,392,1,1
2792,NDPS,20,1,1
2793,MVA,185,1,1
2794,MVA,185,1,1
2794,IPC,420,1,1
2795,IPC,307,1,1
2795,IPC,392,1,1
2796,IPC,302,1,1
2796,IPC,302,1,1
2797,IPC,420,1,1
2797,MVA,185,1,1
2798,IPC,420,1,1
2798,IPC,392,1,1
2799,IPC,302,1,1
2799,IPC,302,1,1
2800,IPC,379,1,1
2800,IPC,420,1,1
2801,IPC,307,1,1
2801,IPC,302,1,1
2802,IPC,498A,1,1
2803,ITA,66D,1,1
2804,IPC,307,1,1
2805,IPC,379,1,1
2806,IPC,354,1,1
2807,IPC,420,1,1
2808,IPC,392,1,1
2809,IPC,498A,1,1
2809,IPC,379,1,1
2810,NDPS,20,1,1
2811,IPC,392,1,1
2812,IPC,302,1,1
2812,IPC,307,1,1
2813,IPC,379,1,1
2813,MVA,185,1,1
2814,ITA,66D,1,1
2814,IPC,420,1,1
2815,IPC,420,1,1
2815,IPC,498A,1,1
2816,IPC,420,1,1
2817,IPC,498A,1,1
2817,IPC,498A,1,1
2818,IPC,307,1,1
2818,IPC,392,1,1
2819,NDPS,20,1,1
2819,IPC,379,1,1
2820,MVA,185,1,1
2821,IPC,354,1,1
2821,IPC,307,1,1
2822,IPC,392,1,1
2822,IPC,354,1,1
2823,IPC,354,1,1
2824,IPC,307,1,1
2824,IPC,302,1,1
2825,IPC,354,1,1
2826,NDPS,20,1,1
2826,IPC,420,1,1
2827,ITA,66D,1,1
2827,ITA,66C,1,1
2828,IPC,354,1,1
2829,IPC,302,1,1
2830,IPC,307,1,1
2830,IPC,420,1,1
2831,IPC,420,1,1
2832,ITA,66C,1,1
2833,ITA,66D,1,1
2834,ITA,66D,1,1
2834,ITA,66D,1,1
2835,MVA,185,1,1
2836,IPC,379,1,1
2836,MVA,185,1,1
2837,IPC,392,1,1
2838,IPC,307,1,1
2839,ITA,66D,1,1
2840,MVA,185,1,1
2840,IPC,354,1,1
2841,IPC,392,1,1
2842,IPC,392,1,1
2842,IPC,354,1,1
2843,IPC,498A,1,1
2844,IPC,307,1,1
2844,NDPS,20,1,1
2845,ITA,66D,1,1
2845,IPC,379,1,1
2846,IPC,420,1,1
2847,IPC,379,1,1
2847,IPC,420,1,1
2848,IPC,420,1,1
2849,IPC,379,1,1
2850,IPC,420,1,1
2851,IPC,354,1,1
2851,IPC,420,1,1
2852,ITA,66D,1,1
2853,ITA,66D,1,1
2854,NDPS,20,1,1
2854,IPC,354,1,1
2855,IPC,354,1,1
2856,ITA,66C,1,1
2856,IPC,379,1,1
2857,ITA,66C,1,1
2858,IPC,307,1,1
2859,ITA,66C,1,1
2859,ITA,66D,1,1
2860,IPC,354,1,1
2860,ITA,66D,1,1
2861,IPC,302,1,1
2861,MVA,185,1,1
2862,ITA,66D,1,1
2862,IPC,354,1,1
2863,NDPS,20,1,1
2864,IPC,420,1,1
2865,IPC,379,1,1
2866,IPC,379,1,1
2867,IPC,354,1,1
2868,IPC,379,1,1
2869,IPC,420,1,1
2869,IPC,302,1,1
2870,IPC,379,1,1
2871,IPC,307,1,1
2871,ITA,66C,1,1
2872,IPC,498A,1,1
2873,MVA,185,1,1
2873,NDPS,20,1,1
2874,IPC,420,1,1
2875,IPC,354,1,1
2876,IPC,420,1,1
2877,IPC,498A,1,1
2878,NDPS,20,1,1
2878,IPC,420,1,1
2879,NDPS,20,1,1
2880,IPC,379,1,1
2880,ITA,66C,1,1
2881,NDPS,20,1,1
2881,IPC,379,1,1
2882,IPC,379,1,1
2882,IPC,379,1,1
2883,NDPS,20,1,1
2884,IPC,307,1,1
2885,IPC,392,1,1
2886,IPC,379,1,1
2887,IPC,498A,1,1
2888,IPC,420,1,1
2889,MVA,185,1,1
2889,MVA,185,1,1
2890,IPC,420,1,1
2890,NDPS,20,1,1
2891,MVA,185,1,1
2891,MVA,185,1,1
2892,NDPS,20,1,1
2892,IPC,302,1,1
2893,IPC,307,1,1
2894,IPC,392,1,1
2895,IPC,302,1,1
2895,IPC,392,1,1
2896,IPC,420,1,1
2897,NDPS,20,1,1
2898,IPC,379,1,1
2898,IPC,498A,1,1
2899,ITA,66C,1,1
2899,IPC,392,1,1
2900,IPC,307,1,1
2900,IPC,498A,1,1
2901,IPC,498A,1,1
2902,ITA,66C,1,1
2903,IPC,379,1,1
2903,IPC,302,1,1
2904,IPC,420,1,1
2905,MVA,185,1,1
2906,NDPS,20,1,1
2906,ITA,66D,1,1
2907,IPC,354,1,1
2908,IPC,354,1,1
2909,IPC,498A,1,1
2910,IPC,307,1,1
2910,IPC,354,1,1
2911,ITA,66D,1,1
2912,IPC,379,1,1
2913,IPC,354,1,1
2913,IPC,392,1,1
2914,IPC,392,1,1
2914,IPC,354,1,1
2915,ITA,66C,1,1
2915,IPC,307,1,1
2916,IPC,307,1,1
2916,IPC,420,1,1
2917,NDPS,20,1,1
2917,IPC,307,1,1
2918,IPC,379,1,1
2918,IPC,392,1,1
2919,IPC,307,1,1
2920,MVA,185,1,1
2920,IPC,379,1,1
2921,IPC,307,1,1
2922,IPC,354,1,1
2923,IPC,498A,1,1
2924,IPC,307,1,1
2925,IPC,392,1,1
2926,IPC,498A,1,1
2926,IPC,354,1,1
2927,NDPS,20,1,1
2928,ITA,66C,1,1
2929,IPC,307,1,1
2930,NDPS,20,1,1
2931,IPC,392,1,1
2932,MVA,185,1,1
2933,MVA,185,1,1
2934,IPC,379,1,1
2935,MVA,185,1,1
2936,IPC,498A,1,1
2937,IPC,307,1,1
2937,IPC,420,1,1
2938,NDPS,20,1,1
2939,IPC,498A,1,1
2939,ITA,66D,1,1
2940,IPC,302,1,1
2941,MVA,185,1,1
2941,MVA,185,1,1
2942,IPC,420,1,1
2942,NDPS,20,1,1
2943,ITA,66C,1,1
2943,IPC,302,1,1
2944,NDPS,20,1,1
2945,ITA,66C,1,1
2945,IPC,420,1,1
2946,ITA,66C,1,1
2946,MVA,185,1,1
2947,IPC,307,1,1
2948,MVA,185,1,1
2949,IPC,498A,1,1
2949,NDPS,20,1,1
2950,ITA,66D,1,1
2951,NDPS,20,1,1
2952,IPC,379,1,1
2953,IPC,302,1,1
2953,IPC,307,1,1
2954,IPC,392,1,1
2955,NDPS,20,1,1
2956,IPC,392,1,1
2956,IPC,302,1,1
2957,MVA,185,1,1
2958,IPC,379,1,1
2958,ITA,66D,1,1
2959,IPC,498A,1,1
2960,IPC,392,1,1
2960,IPC,420,1,1
2961,IPC,302,1,1
2961,IPC,302,1,1
2962,IPC,498A,1,1
2963,IPC,307,1,1
2963,NDPS,20,1,1
2964,IPC,392,1,1
2964,IPC,498A,1,1
2965,IPC,498A,1,1
2966,IPC,354,1,1
2967,IPC,498A,1,1
2968,NDPS,20,1,1
2969,IPC,420,1,1
2970,IPC,307,1,1
2970,NDPS,20,1,1
2971,IPC,354,1,1
2971,IPC,354,1,1
2972,IPC,420,1,1
2973,IPC,354,1,1
2973,IPC,498A,1,1
2974,IPC,498A,1,1
2975,IPC,307,1,1
2976,NDPS,20,1,1
2976,NDPS,20,1,1
2977,ITA,66D,1,1
2978,IPC,498A,1,1
2978,IPC,392,1,1
2979,IPC,302,1,1
2979,IPC,354,1,1
2980,IPC,354,1,1
2980,NDPS,20,1,1
2981,ITA,66D,1,1
2981,IPC,302,1,1
2982,IPC,307,1,1
2983,IPC,392,1,1
2984,IPC,302,1,1
2985,ITA,66D,1,1
2985,IPC,379,1,1
2986,IPC,354,1,1
2986,MVA,185,1,1
2987,IPC,302,1,1
2988,NDPS,20,1,1
2988,ITA,66C,1,1
2989,IPC,307,1,1
2990,IPC,392,1,1
2990,IPC,379,1,1
2991,IPC,498A,1,1
2992,IPC,302,1,1
2992,MVA,185,1,1
2993,IPC,498A,1,1
2993,NDPS,20,1,1
2994,NDPS,20,1,1
2995,IPC,354,1,1
2996,ITA,66D,1,1
2997,MVA,185,1,1
2998,MVA,185,1,1
2998,MVA,185,1,1
2999,IPC,302,1,1
2999,ITA,66C,1,1
3000,IPC,354,1,1
3000,ITA,66D,1,1
