CSID,CaseMasterID,csdate,cstype,PolicePersonID
1,1,2026-09-02T00:00:00,C,267
2,3,2024-03-14T00:00:00,A,1326
3,9,2024-04-26T00:00:00,A,2339
4,10,2023-12-30T00:00:00,B,2175
5,12,2023-09-09T00:00:00,B,69
6,13,2024-08-16T00:00:00,A,470
7,21,2023-07-30T00:00:00,B,630
8,22,2023-06-01T00:00:00,A,2295
9,25,2024-10-06T00:00:00,A,166
10,26,2024-12-01T00:00:00,C,172
11,27,2024-09-06T00:00:00,A,1941
12,34,2023-06-05T00:00:00,A,1480
13,39,2026-05-09T00:00:00,A,1094
14,41,2025-04-23T00:00:00,A,2029
15,42,2024-03-24T00:00:00,B,1914
16,48,2026-09-17T00:00:00,B,2180
17,54,2025-10-23T00:00:00,A,2107
18,56,2024-10-19T00:00:00,A,1581
19,57,2023-06-16T00:00:00,A,30
20,58,2025-01-19T00:00:00,C,1858
21,70,2025-10-31T00:00:00,A,1674
22,73,2025-05-02T00:00:00,B,917
23,74,2025-08-24T00:00:00,A,2388
24,76,2026-02-13T00:00:00,A,2077
25,82,2023-10-02T00:00:00,C,1616
26,91,2024-07-15T00:00:00,A,2058
27,92,2024-07-01T00:00:00,A,2281
28,96,2024-06-28T00:00:00,B,1936
29,97,2024-01-07T00:00:00,A,1375
30,98,2024-08-08T00:00:00,A,1203
31,100,2025-10-12T00:00:00,B,762
32,101,2024-09-26T00:00:00,A,2325
33,108,2024-05-24T00:00:00,A,1878
34,110,2024-08-30T00:00:00,A,2305
35,115,2025-02-26T00:00:00,A,1803
36,117,2026-08-19T00:00:00,B,2325
37,119,2025-10-28T00:00:00,A,236
38,120,2025-03-02T00:00:00,A,2312
39,126,2024-06-03T00:00:00,A,929
40,127,2023-09-07T00:00:00,A,1074
41,130,2023-08-08T00:00:00,A,1352
42,134,2026-06-26T00:00:00,A,825
43,136,2024-05-11T00:00:00,C,1251
44,145,2024-07-23T00:00:00,A,1014
45,148,2025-08-06T00:00:00,A,1628
46,152,2024-12-03T00:00:00,A,1037
47,158,2024-07-15T00:00:00,B,845
48,163,2023-08-12T00:00:00,A,587
49,164,2024-12-20T00:00:00,A,1103
50,165,2025-06-29T00:00:00,A,2073
51,170,2026-06-12T00:00:00,A,2347
52,175,2025-07-22T00:00:00,A,1079
53,179,2024-06-17T00:00:00,A,244
54,180,2025-07-02T00:00:00,A,206
55,189,2025-03-11T00:00:00,A,1161
56,190,2023-08-22T00:00:00,A,557
57,192,2024-03-29T00:00:00,C,282
58,194,2026-09-17T00:00:00,A,654
59,196,2024-06-15T00:00:00,A,1178
60,200,2026-02-09T00:00:00,A,1917
61,203,2023-06-24T00:00:00,A,1742
62,205,2025-07-17T00:00:00,A,151
63,207,2025-01-01T00:00:00,A,1950
64,209,2023-10-19T00:00:00,A,2008
65,216,2026-04-14T00:00:00,A,401
66,218,2026-06-09T00:00:00,B,1910
67,220,2025-03-22T00:00:00,A,692
68,221,2026-07-04T00:00:00,A,1711
69,229,2026-03-08T00:00:00,A,1723
70,233,2025-09-30T00:00:00,A,23
71,234,2024-04-20T00:00:00,A,2121
72,236,2024-09-24T00:00:00,A,754
73,237,2024-07-31T00:00:00,A,173
74,238,2025-06-10T00:00:00,A,1272
75,245,2023-09-13T00:00:00,A,2205
76,247,2024-07-20T00:00:00,B,1142
77,248,2025-12-06T00:00:00,A,175
78,254,2025-01-31T00:00:00,A,688
79,255,2025-05-15T00:00:00,A,258
80,258,2024-07-26T00:00:00,A,1541
81,259,2024-11-09T00:00:00,A,2477
82,262,2025-07-09T00:00:00,A,1291
83,268,2026-05-10T00:00:00,A,2488
84,269,2024-06-12T00:00:00,A,1380
85,272,2025-04-07T00:00:00,A,1920
86,274,2024-04-11T00:00:00,A,1313
87,276,2026-08-10T00:00:00,B,182
88,277,2025-07-26T00:00:00,B,384
89,280,2023-12-21T00:00:00,A,1247
90,283,2026-04-22T00:00:00,A,1854
91,284,2025-12-17T00:00:00,A,385
92,288,2023-04-17T00:00:00,A,2248
93,291,2024-04-11T00:00:00,A,744
94,292,2024-10-18T00:00:00,A,727
95,300,2024-05-24T00:00:00,A,1959
96,303,2024-11-17T00:00:00,B,1160
97,305,2025-11-28T00:00:00,A,1933
98,306,2023-04-02T00:00:00,A,1098
99,309,2026-03-19T00:00:00,B,1717
100,312,2024-05-22T00:00:00,A,571
101,313,2025-06-11T00:00:00,A,21
102,314,2023-03-05T00:00:00,A,1400
103,318,2023-09-19T00:00:00,C,2036
104,319,2026-08-22T00:00:00,A,2167
105,320,2023-11-16T00:00:00,A,735
106,321,2024-09-26T00:00:00,A,561
107,322,2025-12-20T00:00:00,A,49
108,325,2025-01-24T00:00:00,A,783
109,327,2026-02-23T00:00:00,A,1461
110,330,2025-05-17T00:00:00,A,36
111,334,2024-04-19T00:00:00,A,1670
112,338,2023-03-16T00:00:00,A,831
113,339,2026-02-06T00:00:00,A,2175
114,346,2024-07-17T00:00:00,B,1373
115,354,2025-02-12T00:00:00,A,2061
116,356,2026-02-05T00:00:00,C,911
117,358,2025-12-31T00:00:00,C,986
118,363,2025-02-04T00:00:00,A,2265
119,366,2026-08-04T00:00:00,C,628
120,369,2024-09-02T00:00:00,A,252
121,376,2024-12-28T00:00:00,A,1676
122,378,2025-03-05T00:00:00,A,1883
123,379,2025-08-31T00:00:00,A,196
124,380,2024-10-14T00:00:00,A,567
125,388,2025-01-24T00:00:00,B,1544
126,390,2026-08-24T00:00:00,A,1310
127,393,2025-05-14T00:00:00,A,1180
128,394,2025-04-07T00:00:00,B,904
129,398,2024-12-13T00:00:00,B,2457
130,399,2025-02-11T00:00:00,A,458
131,404,2025-02-01T00:00:00,A,1803
132,406,2023-09-30T00:00:00,A,877
133,409,2026-05-03T00:00:00,A,1824
134,415,2025-11-18T00:00:00,A,2115
135,424,2026-07-30T00:00:00,A,1397
136,425,2023-12-10T00:00:00,A,1819
137,427,2023-08-17T00:00:00,A,1219
138,428,2024-10-20T00:00:00,A,55
139,430,2024-11-25T00:00:00,A,2476
140,431,2025-09-18T00:00:00,A,1889
141,435,2023-03-18T00:00:00,A,2479
142,439,2023-04-26T00:00:00,A,1271
143,442,2026-07-23T00:00:00,A,2422
144,447,2023-03-14T00:00:00,A,436
145,449,2025-07-31T00:00:00,A,1602
146,450,2026-02-01T00:00:00,B,1560
147,453,2025-05-06T00:00:00,A,625
148,457,2025-04-01T00:00:00,A,2399
149,458,2024-07-17T00:00:00,A,1590
150,459,2024-09-14T00:00:00,A,2428
151,464,2024-12-20T00:00:00,A,190
152,467,2026-09-21T00:00:00,A,2095
153,472,2025-02-01T00:00:00,C,1254
154,473,2026-02-10T00:00:00,A,2429
155,478,2024-12-18T00:00:00,A,1550
156,483,2023-05-06T00:00:00,A,1769
157,494,2026-02-16T00:00:00,A,2096
158,496,2023-07-28T00:00:00,A,1377
159,506,2024-07-05T00:00:00,A,2067
160,507,2023-12-14T00:00:00,A,679
161,510,2024-02-17T00:00:00,A,2388
162,512,2026-06-16T00:00:00,A,667
163,515,2024-07-05T00:00:00,A,482
164,518,2024-07-28T00:00:00,B,1799
165,520,2024-01-30T00:00:00,A,1556
166,521,2023-12-04T00:00:00,B,2141
167,525,2024-12-15T00:00:00,B,874
168,531,2023-12-11T00:00:00,A,1961
169,534,2024-12-18T00:00:00,A,393
170,536,2023-03-04T00:00:00,A,1924
171,538,2026-05-04T00:00:00,A,1239
172,539,2023-09-10T00:00:00,A,1499
173,540,2026-04-26T00:00:00,B,1841
174,544,2026-04-14T00:00:00,C,372
175,545,2023-03-11T00:00:00,A,2459
176,546,2025-07-05T00:00:00,C,135
177,550,2025-12-05T00:00:00,B,506
178,552,2026-01-19T00:00:00,A,257
179,553,2024-07-28T00:00:00,A,28
180,555,2024-12-20T00:00:00,A,526
181,561,2025-05-15T00:00:00,B,1119
182,562,2026-09-03T00:00:00,A,1385
183,564,2024-11-15T00:00:00,A,815
184,565,2026-06-09T00:00:00,A,794
185,576,2025-08-30T00:00:00,B,633
186,580,2026-07-28T00:00:00,B,1858
187,586,2026-03-13T00:00:00,A,258
188,588,2026-02-16T00:00:00,A,1054
189,599,2023-02-28T00:00:00,A,490
190,600,2025-09-19T00:00:00,A,151
191,603,2023-09-09T00:00:00,A,1254
192,604,2026-02-03T00:00:00,B,1488
193,605,2026-05-28T00:00:00,A,459
194,607,2024-08-10T00:00:00,C,1800
195,608,2023-05-17T00:00:00,A,771
196,609,2025-12-03T00:00:00,A,1067
197,616,2025-06-16T00:00:00,A,335
198,620,2025-11-27T00:00:00,A,1219
199,626,2023-02-28T00:00:00,A,1378
200,627,2026-06-27T00:00:00,A,1870
201,630,2025-12-10T00:00:00,A,1209
202,637,2025-05-27T00:00:00,A,1874
203,639,2025-07-02T00:00:00,B,2335
204,641,2025-10-19T00:00:00,C,2408
205,647,2024-08-16T00:00:00,A,2309
206,648,2024-08-31T00:00:00,A,1108
207,653,2023-04-14T00:00:00,A,1439
208,654,2025-04-01T00:00:00,A,1577
209,655,2023-12-02T00:00:00,A,2270
210,656,2023-07-23T00:00:00,A,88
211,658,2024-02-19T00:00:00,A,563
212,663,2024-08-24T00:00:00,A,1936
213,664,2023-04-19T00:00:00,A,1333
214,667,2025-03-24T00:00:00,A,1622
215,669,2024-03-20T00:00:00,A,67
216,671,2024-01-10T00:00:00,C,1558
217,675,2026-08-29T00:00:00,C,1870
218,677,2023-03-13T00:00:00,A,1160
219,680,2024-05-13T00:00:00,A,49
220,683,2026-06-04T00:00:00,B,800
221,684,2025-06-10T00:00:00,A,1904
222,685,2024-12-27T00:00:00,A,243
223,693,2024-11-09T00:00:00,A,1560
224,696,2024-09-16T00:00:00,A,2485
225,697,2023-07-18T00:00:00,A,1968
226,702,2023-10-25T00:00:00,B,837
227,709,2026-03-29T00:00:00,B,2375
228,711,2023-04-09T00:00:00,C,1446
229,713,2023-10-13T00:00:00,A,1912
230,717,2024-07-10T00:00:00,A,1406
231,722,2024-04-26T00:00:00,A,950
232,730,2026-05-19T00:00:00,A,1972
233,734,2023-04-03T00:00:00,A,1277
234,735,2024-12-14T00:00:00,A,1859
235,758,2025-01-23T00:00:00,B,2423
236,761,2023-09-13T00:00:00,A,1488
237,772,2025-05-15T00:00:00,A,1119
238,774,2025-06-11T00:00:00,A,157
239,778,2024-03-22T00:00:00,A,606
240,781,2023-12-16T00:00:00,A,698
241,782,2025-07-12T00:00:00,A,672
242,784,2026-04-26T00:00:00,A,1361
243,789,2023-07-18T00:00:00,A,1301
244,792,2026-05-03T00:00:00,A,57
245,793,2025-05-17T00:00:00,A,1791
246,799,2023-04-02T00:00:00,A,780
247,801,2025-09-28T00:00:00,A,1194
248,805,2023-03-13T00:00:00,C,153
249,808,2023-03-07T00:00:00,A,2019
250,812,2026-08-27T00:00:00,A,669
251,814,2023-10-25T00:00:00,B,874
252,816,2024-05-22T00:00:00,A,401
253,817,2025-11-10T00:00:00,A,917
254,818,2025-12-19T00:00:00,A,2494
255,820,2024-10-10T00:00:00,C,371
256,823,2025-05-12T00:00:00,C,864
257,825,2025-11-14T00:00:00,A,458
258,828,2024-08-06T00:00:00,A,2019
259,829,2024-11-19T00:00:00,B,551
260,830,2024-11-18T00:00:00,A,2329
261,831,2023-05-27T00:00:00,C,1295
262,837,2023-11-11T00:00:00,B,1256
263,839,2025-01-16T00:00:00,A,887
264,840,2025-09-06T00:00:00,A,536
265,843,2023-08-20T00:00:00,B,2365
266,844,2026-04-12T00:00:00,A,1506
267,845,2023-06-08T00:00:00,A,1838
268,856,2023-03-30T00:00:00,A,454
269,858,2024-07-28T00:00:00,A,1381
270,865,2023-10-11T00:00:00,A,442
271,866,2023-04-28T00:00:00,B,1555
272,867,2024-02-25T00:00:00,A,1912
273,873,2026-04-08T00:00:00,A,970
274,876,2025-05-24T00:00:00,C,243
275,881,2023-08-06T00:00:00,A,2500
276,882,2024-08-18T00:00:00,A,1903
277,883,2025-11-23T00:00:00,A,782
278,884,2023-10-22T00:00:00,A,680
279,886,2024-10-30T00:00:00,A,734
280,887,2024-08-14T00:00:00,C,721
281,888,2025-02-21T00:00:00,A,1529
282,891,2023-11-01T00:00:00,A,1815
283,892,2025-12-12T00:00:00,A,888
284,894,2025-03-26T00:00:00,C,989
285,895,2025-09-01T00:00:00,B,87
286,896,2026-03-21T00:00:00,A,1412
287,897,2024-03-23T00:00:00,A,1245
288,898,2025-08-01T00:00:00,A,225
289,902,2024-06-09T00:00:00,A,1818
290,904,2023-05-27T00:00:00,C,2479
291,912,2024-10-15T00:00:00,A,383
292,913,2025-07-22T00:00:00,A,1098
293,920,2025-03-20T00:00:00,B,699
294,926,2023-03-02T00:00:00,B,916
295,927,2024-09-06T00:00:00,B,2277
296,930,2026-06-13T00:00:00,A,712
297,936,2024-03-07T00:00:00,A,1653
298,943,2023-07-21T00:00:00,A,669
299,947,2023-03-06T00:00:00,A,1340
300,958,2025-11-01T00:00:00,A,1356
301,962,2023-11-02T00:00:00,A,1618
302,964,2024-06-02T00:00:00,B,376
303,965,2025-06-29T00:00:00,C,2140
304,973,2026-06-07T00:00:00,A,520
305,974,2023-06-14T00:00:00,A,983
306,979,2024-09-02T00:00:00,A,330
307,981,2024-10-01T00:00:00,A,1276
308,986,2024-09-20T00:00:00,A,1160
309,993,2023-04-28T00:00:00,B,1834
310,995,2024-04-04T00:00:00,A,2234
311,1002,2024-02-15T00:00:00,A,1130
312,1003,2024-11-09T00:00:00,B,1524
313,1009,2023-06-20T00:00:00,A,701
314,1011,2026-07-13T00:00:00,A,82
315,1015,2024-03-20T00:00:00,A,5
316,1017,2025-04-05T00:00:00,A,1689
317,1018,2024-06-22T00:00:00,C,254
318,1025,2026-09-24T00:00:00,B,1957
319,1026,2025-02-25T00:00:00,A,1961
320,1033,2024-12-14T00:00:00,A,1197
321,1034,2025-04-23T00:00:00,A,1929
322,1036,2024-03-01T00:00:00,A,430
323,1038,2026-06-16T00:00:00,C,194
324,1039,2023-05-06T00:00:00,A,1491
325,1042,2025-01-18T00:00:00,A,786
326,1047,2023-09-12T00:00:00,A,758
327,1057,2024-11-17T00:00:00,A,885
328,1059,2026-09-14T00:00:00,A,2216
329,1062,2025-07-17T00:00:00,B,1331
330,1066,2024-06-30T00:00:00,A,797
331,1069,2024-11-07T00:00:00,A,1983
332,1070,2023-09-04T00:00:00,A,281
333,1080,2023-11-19T00:00:00,A,1992
334,1082,2024-08-29T00:00:00,A,136
335,1084,2023-05-28T00:00:00,A,1245
336,1085,2024-04-01T00:00:00,C,218
337,1088,2024-11-27T00:00:00,A,949
338,1090,2024-12-14T00:00:00,A,2013
339,1092,2025-07-26T00:00:00,A,1241
340,1096,2024-12-12T00:00:00,A,1130
341,1100,2025-07-19T00:00:00,A,1535
342,1101,2024-12-28T00:00:00,A,1069
343,1105,2026-07-18T00:00:00,B,1714
344,1106,2023-11-18T00:00:00,A,180
345,1107,2023-09-24T00:00:00,A,1054
346,1110,2025-01-10T00:00:00,A,1498
347,1122,2024-10-02T00:00:00,A,2305
348,1124,2025-09-17T00:00:00,B,1268
349,1125,2023-06-28T00:00:00,A,14
350,1126,2023-12-05T00:00:00,A,1552
351,1131,2025-01-10T00:00:00,B,525
352,1134,2026-07-11T00:00:00,A,93
353,1139,2026-06-09T00:00:00,A,1513
354,1140,2025-08-20T00:00:00,A,2244
355,1141,2024-01-14T00:00:00,A,2251
356,1143,2025-08-03T00:00:00,B,322
357,1148,2025-08-21T00:00:00,A,2015
358,1153,2026-01-01T00:00:00,A,1913
359,1156,2023-07-03T00:00:00,B,1738
360,1159,2024-06-03T00:00:00,A,1125
361,1167,2025-03-09T00:00:00,B,1763
362,1168,2023-08-30T00:00:00,A,88
363,1174,2024-01-10T00:00:00,A,2128
364,1175,2023-12-04T00:00:00,B,2238
365,1184,2025-12-12T00:00:00,A,1260
366,1190,2026-07-15T00:00:00,A,2308
367,1192,2026-07-25T00:00:00,A,1456
368,1195,2024-05-05T00:00:00,A,1711
369,1207,2024-04-10T00:00:00,C,1265
370,1209,2024-05-16T00:00:00,A,685
371,1219,2025-05-08T00:00:00,A,390
372,1225,2024-01-06T00:00:00,A,429
373,1236,2026-04-03T00:00:00,C,1471
374,1237,2024-12-31T00:00:00,B,1969
375,1239,2025-10-26T00:00:00,A,2085
376,1240,2025-03-10T00:00:00,A,1992
377,1241,2024-08-12T00:00:00,A,1364
378,1242,2026-06-20T00:00:00,A,2460
379,1243,2026-07-17T00:00:00,A,1555
380,1244,2024-04-03T00:00:00,A,568
381,1249,2026-04-25T00:00:00,A,1282
382,1256,2023-08-25T00:00:00,A,324
383,1257,2024-04-01T00:00:00,A,1073
384,1261,2025-08-02T00:00:00,A,1271
385,1267,2024-08-23T00:00:00,A,185
386,1272,2024-10-19T00:00:00,A,574
387,1282,2025-07-04T00:00:00,A,1017
388,1285,2023-11-19T00:00:00,A,1598
389,1286,2025-12-21T00:00:00,A,2373
390,1287,2023-05-06T00:00:00,A,1642
391,1288,2023-10-10T00:00:00,C,236
392,1289,2023-10-01T00:00:00,A,30
393,1302,2024-10-15T00:00:00,C,484
394,1306,2024-11-08T00:00:00,C,1000
395,1307,2023-06-03T00:00:00,A,1748
396,1310,2025-10-22T00:00:00,A,2369
397,1312,2026-06-07T00:00:00,A,1213
398,1317,2025-06-14T00:00:00,A,7
399,1326,2025-01-01T00:00:00,A,803
400,1328,2024-04-05T00:00:00,B,1588
401,1331,2026-07-23T00:00:00,A,791
402,1338,2023-03-05T00:00:00,A,1978
403,1339,2026-02-02T00:00:00,A,1112
404,1342,2024-11-09T00:00:00,C,1745
405,1343,2023-05-02T00:00:00,A,1266
406,1344,2025-08-11T00:00:00,A,2048
407,1345,2025-02-24T00:00:00,B,663
408,1349,2026-08-02T00:00:00,A,2407
409,1350,2025-11-18T00:00:00,A,248
410,1355,2024-11-21T00:00:00,A,2025
411,1357,2025-03-19T00:00:00,A,820
412,1358,2024-12-01T00:00:00,A,1673
413,1359,2026-07-12T00:00:00,A,1699
414,1362,2025-02-19T00:00:00,A,26
415,1364,2026-06-06T00:00:00,A,1218
416,1368,2026-04-13T00:00:00,A,446
417,1377,2025-02-08T00:00:00,A,1801
418,1378,2023-12-03T00:00:00,A,1610
419,1381,2023-12-10T00:00:00,A,1279
420,1387,2025-12-03T00:00:00,A,357
421,1388,2025-01-01T00:00:00,A,97
422,1395,2025-12-15T00:00:00,A,1987
423,1400,2024-05-15T00:00:00,A,157
424,1402,2025-09-29T00:00:00,A,1128
425,1405,2023-09-09T00:00:00,A,1587
426,1406,2023-11-29T00:00:00,A,1003
427,1415,2026-01-06T00:00:00,A,1188
428,1420,2023-06-26T00:00:00,A,539
429,1421,2026-04-13T00:00:00,A,490
430,1424,2023-05-04T00:00:00,A,2340
431,1426,2023-10-27T00:00:00,A,1270
432,1427,2023-03-14T00:00:00,A,1823
433,1428,2024-04-04T00:00:00,A,143
434,1431,2024-01-16T00:00:00,B,1947
435,1437,2025-08-04T00:00:00,A,1976
436,1440,2024-04-06T00:00:00,A,1852
437,1447,2026-07-02T00:00:00,A,1207
438,1448,2026-09-16T00:00:00,A,2406
439,1449,2023-06-17T00:00:00,A,359
440,1453,2023-07-08T00:00:00,A,352
441,1455,2023-06-02T00:00:00,C,1635
442,1456,2026-03-05T00:00:00,A,1887
443,1457,2024-09-27T00:00:00,A,1391
444,1461,2026-08-03T00:00:00,A,1456
445,1462,2025-12-22T00:00:00,A,2326
446,1469,2026-04-21T00:00:00,A,1510
447,1475,2025-12-21T00:00:00,C,1069
448,1476,2023-05-14T00:00:00,A,2290
449,1489,2025-01-06T00:00:00,A,1762
450,1490,2023-09-13T00:00:00,A,330
451,1500,2025-08-26T00:00:00,A,301
452,1502,2025-08-02T00:00:00,A,2473
453,1504,2025-11-29T00:00:00,A,1731
454,1506,2025-03-13T00:00:00,A,2354
455,1511,2025-10-15T00:00:00,A,254
456,1520,2025-09-05T00:00:00,A,966
457,1522,2026-02-25T00:00:00,A,364
458,1524,2023-08-16T00:00:00,A,1571
459,1526,2023-12-11T00:00:00,A,1576
460,1528,2025-04-18T00:00:00,A,613
461,1531,2026-06-08T00:00:00,A,971
462,1538,2024-01-12T00:00:00,A,2103
463,1541,2025-10-29T00:00:00,C,1577
464,1543,2024-06-13T00:00:00,A,1309
465,1545,2024-06-03T00:00:00,B,772
466,1546,2025-07-15T00:00:00,A,1513
467,1551,2024-06-15T00:00:00,A,1906
468,1558,2026-03-27T00:00:00,A,68
469,1559,2024-02-17T00:00:00,A,93
470,1567,2024-08-11T00:00:00,A,2362
471,1571,2026-04-16T00:00:00,A,2429
472,1573,2025-07-20T00:00:00,A,1511
473,1574,2026-01-24T00:00:00,C,609
474,1577,2026-04-04T00:00:00,B,589
475,1579,2025-02-10T00:00:00,A,1076
476,1580,2025-06-28T00:00:00,A,1018
477,1583,2023-12-22T00:00:00,A,1824
478,1585,2023-09-12T00:00:00,A,1322
479,1588,2024-08-23T00:00:00,A,409
480,1598,2025-09-30T00:00:00,C,1676
481,1599,2026-01-15T00:00:00,A,1461
482,1600,2026-08-31T00:00:00,A,1737
483,1604,2026-09-16T00:00:00,A,958
484,1606,2024-10-23T00:00:00,A,1323
485,1608,2025-04-17T00:00:00,A,551
486,1610,2023-03-19T00:00:00,A,1940
487,1611,2026-03-08T00:00:00,A,1445
488,1616,2026-02-05T00:00:00,A,800
489,1618,2025-03-22T00:00:00,B,1512
490,1622,2023-12-20T00:00:00,A,810
491,1623,2024-12-12T00:00:00,A,1156
492,1629,2023-11-29T00:00:00,A,39
493,1635,2024-02-21T00:00:00,A,561
494,1637,2026-01-06T00:00:00,C,674
495,1638,2024-04-03T00:00:00,A,1353
496,1639,2024-10-14T00:00:00,A,928
497,1654,2023-05-30T00:00:00,A,1583
498,1656,2024-01-24T00:00:00,A,209
499,1660,2026-08-08T00:00:00,A,179
500,1669,2025-11-28T00:00:00,A,1765
501,1671,2026-05-03T00:00:00,A,1815
502,1680,2025-02-20T00:00:00,A,1285
503,1681,2026-03-09T00:00:00,B,1957
504,1686,2026-06-16T00:00:00,A,1720
505,1691,2024-11-11T00:00:00,A,2029
506,1696,2025-09-10T00:00:00,A,374
507,1699,2025-10-04T00:00:00,A,29
508,1702,2024-07-23T00:00:00,B,561
509,1704,2025-07-08T00:00:00,A,30
510,1706,2024-08-29T00:00:00,B,1491
511,1708,2023-05-03T00:00:00,A,1248
512,1710,2025-06-12T00:00:00,B,410
513,1712,2023-04-27T00:00:00,A,211
514,1715,2023-05-22T00:00:00,B,200
515,1717,2025-11-03T00:00:00,A,2124
516,1720,2025-06-02T00:00:00,C,846
517,1721,2023-04-13T00:00:00,A,636
518,1725,2025-11-19T00:00:00,A,750
519,1727,2025-10-08T00:00:00,B,1798
520,1730,2025-03-06T00:00:00,C,153
521,1731,2023-06-20T00:00:00,A,1533
522,1734,2023-04-19T00:00:00,A,816
523,1745,2024-01-13T00:00:00,A,91
524,1746,2024-09-17T00:00:00,A,516
525,1751,2024-06-08T00:00:00,B,2152
526,1753,2024-03-07T00:00:00,C,2193
527,1761,2024-09-05T00:00:00,A,816
528,1763,2023-12-14T00:00:00,A,1961
529,1764,2023-09-18T00:00:00,A,781
530,1765,2024-01-05T00:00:00,A,2173
531,1769,2026-02-05T00:00:00,A,381
532,1770,2023-04-13T00:00:00,A,148
533,1776,2024-08-02T00:00:00,A,235
534,1778,2025-08-19T00:00:00,A,723
535,1779,2025-09-29T00:00:00,B,1480
536,1780,2024-10-31T00:00:00,A,1215
537,1784,2023-06-18T00:00:00,A,1473
538,1786,2024-07-19T00:00:00,A,849
539,1791,2025-07-14T00:00:00,A,2237
540,1792,2026-02-24T00:00:00,A,776
541,1799,2025-12-15T00:00:00,A,2464
542,1800,2024-06-15T00:00:00,A,1573
543,1801,2026-01-28T00:00:00,A,981
544,1809,2025-04-04T00:00:00,A,2187
545,1810,2025-07-27T00:00:00,A,1981
546,1815,2023-09-15T00:00:00,A,1961
547,1818,2023-04-19T00:00:00,A,8
548,1819,2023-03-17T00:00:00,A,1999
549,1821,2024-01-16T00:00:00,A,372
550,1822,2026-03-11T00:00:00,B,1486
551,1827,2026-01-28T00:00:00,A,1960
552,1833,2025-05-20T00:00:00,A,1328
553,1838,2023-10-30T00:00:00,A,93
554,1840,2026-10-03T00:00:00,A,2470
555,1843,2023-06-30T00:00:00,A,2295
556,1844,2026-09-14T00:00:00,A,2207
557,1845,2025-01-27T00:00:00,A,2481
558,1846,2025-07-07T00:00:00,A,60
559,1853,2025-12-07T00:00:00,C,244
560,1856,2023-06-24T00:00:00,C,2271
561,1860,2026-02-27T00:00:00,C,646
562,1862,2025-10-02T00:00:00,A,2458
563,1866,2025-06-08T00:00:00,A,270
564,1872,2023-10-26T00:00:00,C,1781
565,1878,2024-07-17T00:00:00,A,1144
566,1880,2025-10-07T00:00:00,A,766
567,1885,2025-12-24T00:00:00,B,1676
568,1887,2026-08-24T00:00:00,A,1784
569,1889,2023-12-11T00:00:00,A,1789
570,1892,2025-07-17T00:00:00,A,1857
571,1895,2026-03-17T00:00:00,C,1942
572,1902,2024-04-30T00:00:00,B,1352
573,1908,2024-07-29T00:00:00,A,2282
574,1909,2026-07-17T00:00:00,A,1956
575,1912,2026-02-03T00:00:00,A,35
576,1917,2026-01-06T00:00:00,B,1949
577,1918,2025-01-28T00:00:00,A,2289
578,1921,2025-07-30T00:00:00,A,1138
579,1925,2025-02-19T00:00:00,A,258
580,1927,2025-10-11T00:00:00,A,1475
581,1933,2026-08-10T00:00:00,A,714
582,1935,2024-05-08T00:00:00,B,308
583,1941,2026-08-07T00:00:00,A,1308
584,1944,2026-08-06T00:00:00,A,1527
585,1946,2024-10-24T00:00:00,A,1817
586,1948,2026-04-08T00:00:00,A,162
587,1951,2023-10-26T00:00:00,A,1947
588,1955,2023-06-28T00:00:00,A,332
589,1960,2024-09-10T00:00:00,A,2399
590,1962,2024-05-04T00:00:00,A,2037
591,1963,2024-09-11T00:00:00,A,919
592,1965,2024-03-30T00:00:00,B,413
593,1971,2024-06-22T00:00:00,A,697
594,1972,2026-04-16T00:00:00,A,1904
595,1981,2026-07-03T00:00:00,A,904
596,1982,2026-09-20T00:00:00,C,2267
597,1988,2025-03-17T00:00:00,A,2016
598,1991,2023-09-30T00:00:00,A,787
599,1997,2026-08-24T00:00:00,B,1032
600,2000,2025-03-04T00:00:00,A,203
601,2003,2025-11-09T00:00:00,A,1585
602,2006,2023-07-28T00:00:00,A,869
603,2007,2023-09-18T00:00:00,A,76
604,2013,2026-03-06T00:00:00,B,1146
605,2016,2025-08-19T00:00:00,A,194
606,2019,2026-09-16T00:00:00,A,172
607,2022,2026-05-22T00:00:00,C,1604
608,2024,2025-04-07T00:00:00,A,431
609,2026,2025-10-03T00:00:00,A,1612
610,2032,2026-04-05T00:00:00,B,1530
611,2039,2023-11-21T00:00:00,A,1406
612,2040,2024-05-30T00:00:00,A,515
613,2048,2023-12-21T00:00:00,A,648
614,2053,2025-05-19T00:00:00,A,289
615,2055,2026-07-09T00:00:00,A,317
616,2056,2025-02-24T00:00:00,A,982
617,2057,2026-06-13T00:00:00,A,953
618,2060,2023-06-19T00:00:00,A,2237
619,2061,2023-03-09T00:00:00,C,732
620,2067,2025-01-05T00:00:00,A,1615
621,2072,2026-04-19T00:00:00,B,439
622,2074,2024-09-20T00:00:00,C,1522
623,2077,2026-08-11T00:00:00,A,2019
624,2080,2024-03-15T00:00:00,A,1360
625,2086,2026-08-21T00:00:00,B,2108
626,2089,2026-05-27T00:00:00,B,8
627,2093,2024-01-11T00:00:00,C,1144
628,2099,2023-08-23T00:00:00,A,1157
629,2104,2026-08-29T00:00:00,C,1904
630,2107,2025-11-29T00:00:00,A,44
631,2112,2025-10-15T00:00:00,A,1042
632,2113,2023-11-06T00:00:00,C,287
633,2119,2023-12-21T00:00:00,A,100
634,2132,2025-07-19T00:00:00,A,1523
635,2141,2024-03-09T00:00:00,A,2367
636,2142,2024-05-23T00:00:00,A,653
637,2145,2026-07-06T00:00:00,A,328
638,2149,2024-11-30T00:00:00,B,1518
639,2150,2026-07-18T00:00:00,C,1984
640,2152,2025-05-31T00:00:00,A,667
641,2164,2026-08-02T00:00:00,B,2442
642,2168,2026-02-17T00:00:00,A,2011
643,2169,2026-03-03T00:00:00,A,28
644,2170,2025-09-15T00:00:00,C,1720
645,2173,2024-11-21T00:00:00,A,1569
646,2175,2023-09-22T00:00:00,A,62
647,2176,2023-06-04T00:00:00,A,2132
648,2178,2025-02-20T00:00:00,A,296
649,2180,2023-12-01T00:00:00,C,1536
650,2181,2025-05-30T00:00:00,A,2115
651,2187,2025-09-12T00:00:00,A,523
652,2191,2025-03-18T00:00:00,A,1664
653,2196,2026-03-20T00:00:00,A,1757
654,2197,2026-10-15T00:00:00,A,405
655,2199,2024-12-24T00:00:00,A,2407
656,2204,2023-11-07T00:00:00,A,1419
657,2208,2024-01-20T00:00:00,C,1786
658,2209,2024-04-18T00:00:00,A,1939
659,2211,2025-08-27T00:00:00,B,835
660,2214,2023-11-19T00:00:00,A,1752
661,2217,2025-12-07T00:00:00,A,2161
662,2218,2023-11-11T00:00:00,A,920
663,2220,2024-04-06T00:00:00,A,564
664,2224,2026-05-26T00:00:00,A,713
665,2225,2023-11-11T00:00:00,A,1571
666,2226,2026-04-15T00:00:00,A,304
667,2227,2026-05-01T00:00:00,A,824
668,2228,2024-01-26T00:00:00,A,2349
669,2230,2024-07-14T00:00:00,A,673
670,2232,2024-12-29T00:00:00,A,733
671,2237,2024-09-05T00:00:00,B,1493
672,2243,2024-06-18T00:00:00,B,320
673,2245,2026-08-07T00:00:00,B,1956
674,2246,2023-08-17T00:00:00,A,1146
675,2248,2025-09-01T00:00:00,A,1396
676,2250,2023-11-24T00:00:00,A,1942
677,2253,2023-07-15T00:00:00,A,1548
678,2254,2024-11-07T00:00:00,A,367
679,2256,2025-10-08T00:00:00,A,1089
680,2262,2026-02-28T00:00:00,A,803
681,2263,2023-11-06T00:00:00,A,2292
682,2268,2025-05-03T00:00:00,A,1753
683,2279,2025-02-13T00:00:00,A,2141
684,2285,2026-03-15T00:00:00,A,1676
685,2287,2025-09-03T00:00:00,A,1434
686,2292,2026-04-11T00:00:00,B,2043
687,2298,2024-06-06T00:00:00,A,1875
688,2301,2026-03-25T00:00:00,A,281
689,2305,2026-08-22T00:00:00,B,547
690,2315,2025-04-10T00:00:00,A,1919
691,2316,2026-05-18T00:00:00,C,2365
692,2318,2026-02-18T00:00:00,A,2326
693,2321,2025-08-29T00:00:00,A,196
694,2322,2024-01-15T00:00:00,A,556
695,2324,2026-03-06T00:00:00,A,88
696,2331,2023-05-08T00:00:00,A,2396
697,2332,2026-07-10T00:00:00,A,1105
698,2333,2026-03-17T00:00:00,A,1654
699,2334,2025-02-17T00:00:00,A,338
700,2335,2024-12-02T00:00:00,B,1619
701,2337,2024-10-17T00:00:00,A,23
702,2339,2025-10-11T00:00:00,A,1853
703,2342,2025-06-17T00:00:00,A,213
704,2343,2026-05-21T00:00:00,A,1580
705,2346,2024-07-16T00:00:00,A,127
706,2348,2024-12-16T00:00:00,B,1406
707,2355,2023-03-14T00:00:00,B,2029
708,2357,2025-04-24T00:00:00,B,2330
709,2360,2023-05-16T00:00:00,A,190
710,2361,2026-06-08T00:00:00,A,443
711,2362,2025-10-03T00:00:00,A,2105
712,2364,2025-12-10T00:00:00,A,1713
713,2369,2025-11-08T00:00:00,B,1879
714,2371,2026-04-06T00:00:00,B,27
715,2375,2024-03-22T00:00:00,C,2484
716,2378,2023-03-10T00:00:00,A,633
717,2385,2024-08-27T00:00:00,A,1924
718,2391,2025-01-17T00:00:00,A,180
719,2393,2024-07-20T00:00:00,A,1279
720,2400,2024-02-13T00:00:00,A,1464
721,2401,2025-09-11T00:00:00,A,2272
722,2402,2025-03-05T00:00:00,A,474
723,2404,2023-05-31T00:00:00,A,2145
724,2406,2023-08-21T00:00:00,A,1454
725,2410,2024-07-06T00:00:00,A,2248
726,2414,2026-06-28T00:00:00,A,1826
727,2417,2024-04-25T00:00:00,B,421
728,2418,2024-08-02T00:00:00,C,542
729,2419,2025-06-04T00:00:00,A,2041
730,2436,2026-04-29T00:00:00,A,1909
731,2444,2023-12-09T00:00:00,B,444
732,2446,2024-09-10T00:00:00,A,1251
733,2448,2026-02-27T00:00:00,A,2337
734,2453,2023-05-24T00:00:00,A,1599
735,2454,2026-05-27T00:00:00,B,1967
736,2457,2024-11-13T00:00:00,A,1645
737,2458,2026-01-24T00:00:00,A,1868
738,2459,2026-03-07T00:00:00,C,2184
739,2461,2025-12-24T00:00:00,A,2425
740,2465,2024-07-22T00:00:00,A,1763
741,2467,2023-07-31T00:00:00,A,2311
742,2469,2024-08-24T00:00:00,A,1472
743,2473,2025-08-23T00:00:00,A,145
744,2474,2025-12-07T00:00:00,B,1345
745,2478,2023-12-18T00:00:00,B,565
746,2485,2026-07-21T00:00:00,B,1693
747,2486,2024-09-28T00:00:00,B,602
748,2487,2024-05-20T00:00:00,A,1558
749,2489,2024-02-07T00:00:00,A,1564
750,2490,2025-01-14T00:00:00,A,997
751,2497,2025-05-20T00:00:00,A,2333
752,2498,2024-08-15T00:00:00,A,546
753,2500,2023-09-25T00:00:00,C,542
754,2503,2023-09-26T00:00:00,A,937
755,2505,2024-07-12T00:00:00,B,2481
756,2510,2026-03-09T00:00:00,B,1463
757,2511,2025-11-16T00:00:00,A,2089
758,2517,2026-09-20T00:00:00,A,717
759,2524,2023-12-03T00:00:00,A,1548
760,2526,2026-04-04T00:00:00,A,1317
761,2529,2026-01-01T00:00:00,C,1934
762,2531,2025-06-13T00:00:00,B,334
763,2532,2023-03-21T00:00:00,A,75
764,2533,2025-06-02T00:00:00,A,2484
765,2539,2024-05-11T00:00:00,A,747
766,2545,2023-12-18T00:00:00,A,261
767,2550,2024-03-24T00:00:00,A,1285
768,2551,2024-02-25T00:00:00,C,474
769,2556,2023-12-04T00:00:00,A,867
770,2557,2025-02-10T00:00:00,A,372
771,2560,2024-07-12T00:00:00,A,2326
772,2564,2026-04-14T00:00:00,A,589
773,2566,2023-09-16T00:00:00,A,212
774,2567,2024-01-14T00:00:00,A,664
775,2568,2023-10-02T00:00:00,A,2144
776,2572,2025-08-03T00:00:00,A,1214
777,2575,2023-08-06T00:00:00,A,596
778,2581,2023-05-21T00:00:00,A,1468
779,2583,2024-12-19T00:00:00,A,953
780,2584,2023-06-15T00:00:00,A,2166
781,2585,2024-08-15T00:00:00,B,577
782,2589,2026-02-05T00:00:00,A,2292
783,2590,2024-01-04T00:00:00,A,2109
784,2593,2025-01-10T00:00:00,B,692
785,2595,2025-03-30T00:00:00,A,2028
786,2596,2026-05-22T00:00:00,A,1667
787,2601,2023-07-15T00:00:00,A,1467
788,2612,2024-11-06T00:00:00,A,9
789,2616,2025-07-30T00:00:00,B,604
790,2618,2026-06-06T00:00:00,A,979
791,2620,2025-12-06T00:00:00,A,1532
792,2625,2024-03-14T00:00:00,A,1621
793,2630,2023-09-11T00:00:00,A,1912
794,2634,2025-06-04T00:00:00,A,2171
795,2639,2024-05-16T00:00:00,A,1410
796,2640,2025-06-21T00:00:00,B,1148
797,2642,2025-11-28T00:00:00,B,1152
798,2649,2025-03-04T00:00:00,C,1442
799,2652,2024-08-27T00:00:00,A,2045
800,2655,2026-05-12T00:00:00,A,2105
801,2656,2023-05-07T00:00:00,B,636
802,2659,2025-04-30T00:00:00,A,409
803,2662,2025-11-10T00:00:00,A,606
804,2663,2024-07-03T00:00:00,A,2078
805,2669,2026-01-16T00:00:00,B,850
806,2677,2025-10-29T00:00:00,A,39
807,2681,2023-05-18T00:00:00,C,1608
808,2682,2023-06-14T00:00:00,A,328
809,2684,2024-07-21T00:00:00,A,1387
810,2685,2026-09-08T00:00:00,A,1801
811,2687,2025-01-31T00:00:00,A,927
812,2692,2025-04-12T00:00:00,B,1498
813,2700,2026-08-25T00:00:00,B,173
814,2702,2026-02-22T00:00:00,A,349
815,2706,2023-02-23T00:00:00,A,1376
816,2714,2024-07-22T00:00:00,A,1376
817,2715,2024-11-07T00:00:00,A,1567
818,2716,2023-05-02T00:00:00,B,1457
819,2721,2025-02-20T00:00:00,A,2313
820,2725,2025-09-30T00:00:00,A,2456
821,2736,2023-12-20T00:00:00,A,2216
822,2737,2026-08-31T00:00:00,A,1078
823,2738,2025-07-20T00:00:00,A,508
824,2739,2026-08-16T00:00:00,B,2027
825,2743,2024-12-09T00:00:00,B,1139
826,2744,2026-04-04T00:00:00,B,921
827,2746,2023-10-11T00:00:00,B,991
828,2748,2025-05-09T00:00:00,A,520
829,2754,2023-11-11T00:00:00,A,2175
830,2766,2024-12-30T00:00:00,A,2493
831,2768,2023-12-19T00:00:00,B,410
832,2769,2025-12-29T00:00:00,A,2016
833,2773,2025-12-08T00:00:00,A,1752
834,2776,2023-07-26T00:00:00,A,655
835,2780,2025-04-14T00:00:00,A,2296
836,2781,2023-12-18T00:00:00,B,782
837,2783,2025-06-03T00:00:00,C,180
838,2784,2024-03-28T00:00:00,B,2204
839,2786,2023-04-17T00:00:00,A,945
840,2788,2024-12-30T00:00:00,C,1352
841,2789,2023-12-15T00:00:00,A,1326
842,2797,2023-10-17T00:00:00,A,1988
843,2803,2023-10-25T00:00:00,A,2036
844,2804,2026-06-24T00:00:00,A,1292
845,2807,2025-12-16T00:00:00,B,1940
846,2810,2025-12-14T00:00:00,A,351
847,2811,2024-09-17T00:00:00,A,2392
848,2813,2026-07-18T00:00:00,B,1101
849,2815,2023-02-25T00:00:00,A,1065
850,2818,2025-05-07T00:00:00,A,52
851,2829,2024-12-30T00:00:00,A,295
852,2830,2023-12-08T00:00:00,A,2087
853,2833,2025-01-18T00:00:00,A,1391
854,2834,2023-09-02T00:00:00,A,2279
855,2842,2023-03-20T00:00:00,B,376
856,2845,2025-12-22T00:00:00,A,572
857,2846,2024-11-04T00:00:00,B,2018
858,2848,2025-02-26T00:00:00,A,2321
859,2851,2024-07-18T00:00:00,A,779
860,2853,2025-01-13T00:00:00,A,727
861,2864,2023-03-10T00:00:00,A,1350
862,2866,2025-11-05T00:00:00,A,1926
863,2868,2024-04-21T00:00:00,A,965
864,2876,2023-12-21T00:00:00,B,1007
865,2877,2026-02-11T00:00:00,A,933
866,2882,2023-09-04T00:00:00,B,1187
867,2884,2024-02-08T00:00:00,A,726
868,2888,2024-05-31T00:00:00,A,413
869,2889,2025-05-31T00:00:00,A,1137
870,2890,2023-07-04T00:00:00,C,756
871,2891,2025-09-23T00:00:00,B,497
872,2893,2024-11-19T00:00:00,A,334
873,2894,2026-06-06T00:00:00,A,443
874,2897,2025-02-03T00:00:00,A,906
875,2900,2025-02-19T00:00:00,C,500
876,2914,2023-07-13T00:00:00,A,2470
877,2915,2025-10-07T00:00:00,A,2339
878,2919,2024-02-20T00:00:00,C,1697
879,2921,2024-07-23T00:00:00,A,1957
880,2922,2026-09-13T00:00:00,B,860
881,2924,2026-02-17T00:00:00,A,1284
882,2927,2024-02-03T00:00:00,A,2373
883,2928,2024-09-21T00:00:00,A,1319
884,2932,2026-03-22T00:00:00,B,1647
885,2935,2024-11-28T00:00:00,A,2081
886,2946,2025-01-09T00:00:00,A,1708
887,2953,2025-10-12T00:00:00,A,718
888,2955,2023-09-22T00:00:00,B,1757
889,2960,2025-03-23T00:00:00,A,2275
890,2965,2023-10-26T00:00:00,A,2417
891,2967,2026-05-10T00:00:00,B,1581
892,2980,2026-09-17T00:00:00,A,586
893,2983,2026-01-25T00:00:00,A,662
894,2984,2025-10-13T00:00:00,A,1358
895,2988,2025-10-07T00:00:00,A,547
896,2990,2023-09-05T00:00:00,C,365
897,2991,2024-06-11T00:00:00,A,2119
898,2993,2024-05-31T00:00:00,A,1683
899,2995,2025-09-01T00:00:00,A,1495
900,2996,2024-08-05T00:00:00,A,575
901,2998,2025-01-29T00:00:00,A,43
902,3000,2025-11-25T00:00:00,A,1412
