UnitID,UnitName,TypeID,ParentUnit,NationalityID,StateID,DistrictID,Active
1,Bagalkot PS 1,1,,1,1,1,1
2,Bagalkot PS 2,1,,1,1,1,1
3,Bagalkot PS 3,1,,1,1,1,1
4,Bagalkot PS 4,1,,1,1,1,1
5,Bagalkot PS 5,1,,1,1,1,1
6,Bagalkot PS 6,1,,1,1,1,1
7,Bagalkot PS 7,1,,1,1,1,1
8,Bagalkot PS 8,1,,1,1,1,1
9,Bagalkot PS 9,1,,1,1,1,1
10,Bagalkot PS 10,1,,1,1,1,1
11,Bagalkot PS 11,1,,1,1,1,1
12,Bagalkot PS 12,1,,1,1,1,1
13,Bagalkot PS 13,1,,1,1,1,1
14,Bagalkot PS 14,1,,1,1,1,1
15,Bagalkot PS 15,1,,1,1,1,1
16,Bagalkot PS 16,1,,1,1,1,1
17,Bagalkot PS 17,1,,1,1,1,1
18,Bagalkot PS 18,1,,1,1,1,1
19,Bagalkot PS 19,1,,1,1,1,1
20,Bagalkot PS 20,1,,1,1,1,1
21,Bagalkot PS 21,1,,1,1,1,1
22,Bagalkot PS 22,1,,1,1,1,1
23,Bagalkot PS 23,1,,1,1,1,1
24,Bagalkot PS 24,1,,1,1,1,1
25,Bagalkot PS 25,1,,1,1,1,1
26,Bagalkot PS 26,1,,1,1,1,1
27,Bagalkot PS 27,1,,1,1,1,1
28,Bagalkot PS 28,1,,1,1,1,1
29,Bagalkot PS 29,1,,1,1,1,1
30,Ballari PS 1,1,,1,1,2,1
31,Ballari PS 2,1,,1,1,2,1
32,Ballari PS 3,1,,1,1,2,1
33,Ballari PS 4,1,,1,1,2,1
34,Ballari PS 5,1,,1,1,2,1
35,Ballari PS 6,1,,1,1,2,1
36,Ballari PS 7,1,,1,1,2,1
37,Ballari PS 8,1,,1,1,2,1
38,Ballari PS 9,1,,1,1,2,1
39,Ballari PS 10,1,,1,1,2,1
40,Ballari PS 11,1,,1,1,2,1
41,Ballari PS 12,1,,1,1,2,1
42,Ballari PS 13,1,,1,1,2,1
43,Ballari PS 14,1,,1,1,2,1
44,Ballari PS 15,1,,1,1,2,1
45,Ballari PS 16,1,,1,1,2,1
46,Ballari PS 17,1,,1,1,2,1
47,Ballari PS 18,1,,1,1,2,1
48,Ballari PS 19,1,,1,1,2,1
49,Ballari PS 20,1,,1,1,2,1
50,Ballari PS 21,1,,1,1,2,1
51,Ballari PS 22,1,,1,1,2,1
52,Ballari PS 23,1,,1,1,2,1
53,Ballari PS 24,1,,1,1,2,1
54,Ballari PS 25,1,,1,1,2,1
55,Ballari PS 26,1,,1,1,2,1
56,Ballari PS 27,1,,1,1,2,1
57,Ballari PS 28,1,,1,1,2,1
58,Ballari PS 29,1,,1,1,2,1
59,Ballari PS 30,1,,1,1,2,1
60,Ballari PS 31,1,,1,1,2,1
61,Ballari PS 32,1,,1,1,2,1
62,Ballari PS 33,1,,1,1,2,1
63,Ballari PS 34,1,,1,1,2,1
64,Ballari PS 35,1,,1,1,2,1
65,Ballari PS 36,1,,1,1,2,1
66,Ballari PS 37,1,,1,1,2,1
67,Ballari PS 38,1,,1,1,2,1
68,Ballari PS 39,1,,1,1,2,1
69,Ballari PS 40,1,,1,1,2,1
70,Ballari PS 41,1,,1,1,2,1
71,Ballari PS 42,1,,1,1,2,1
72,Ballari PS 43,1,,1,1,2,1
73,Ballari PS 44,1,,1,1,2,1
74,Ballari PS 45,1,,1,1,2,1
75,Ballari PS 46,1,,1,1,2,1
76,Ballari PS 47,1,,1,1,2,1
77,Ballari PS 48,1,,1,1,2,1
78,Ballari PS 49,1,,1,1,2,1
79,Ballari PS 50,1,,1,1,2,1
80,Ballari PS 51,1,,1,1,2,1
81,Ballari PS 52,1,,1,1,2,1
82,Ballari PS 53,1,,1,1,2,1
83,Ballari PS 54,1,,1,1,2,1
84,Ballari PS 55,1,,1,1,2,1
85,Ballari PS 56,1,,1,1,2,1
86,Ballari PS 57,1,,1,1,2,1
87,Belagavi PS 1,1,,1,1,3,1
88,Belagavi PS 2,1,,1,1,3,1
89,Belagavi PS 3,1,,1,1,3,1
90,Belagavi PS 4,1,,1,1,3,1
91,Belagavi PS 5,1,,1,1,3,1
92,Belagavi PS 6,1,,1,1,3,1
93,Belagavi PS 7,1,,1,1,3,1
94,Belagavi PS 8,1,,1,1,3,1
95,Belagavi PS 9,1,,1,1,3,1
96,Belagavi PS 10,1,,1,1,3,1
97,Belagavi PS 11,1,,1,1,3,1
98,Belagavi PS 12,1,,1,1,3,1
99,Belagavi PS 13,1,,1,1,3,1
100,Belagavi PS 14,1,,1,1,3,1
101,Belagavi PS 15,1,,1,1,3,1
102,Belagavi PS 16,1,,1,1,3,1
103,Belagavi PS 17,1,,1,1,3,1
104,Belagavi PS 18,1,,1,1,3,1
105,Belagavi PS 19,1,,1,1,3,1
106,Belagavi PS 20,1,,1,1,3,1
107,Belagavi PS 21,1,,1,1,3,1
108,Belagavi PS 22,1,,1,1,3,1
109,Belagavi PS 23,1,,1,1,3,1
110,Belagavi PS 24,1,,1,1,3,1
111,Belagavi PS 25,1,,1,1,3,1
112,Belagavi PS 26,1,,1,1,3,1
113,Belagavi PS 27,1,,1,1,3,1
114,Belagavi PS 28,1,,1,1,3,1
115,Belagavi PS 29,1,,1,1,3,1
116,Belagavi PS 30,1,,1,1,3,1
117,Belagavi PS 31,1,,1,1,3,1
118,Belagavi PS 32,1,,1,1,3,1
119,Belagavi PS 33,1,,1,1,3,1
120,Belagavi PS 34,1,,1,1,3,1
121,Belagavi PS 35,1,,1,1,3,1
122,Belagavi PS 36,1,,1,1,3,1
123,Belagavi PS 37,1,,1,1,3,1
124,Belagavi PS 38,1,,1,1,3,1
125,Belagavi PS 39,1,,1,1,3,1
126,Belagavi PS 40,1,,1,1,3,1
127,Belagavi PS 41,1,,1,1,3,1
128,Belagavi PS 42,1,,1,1,3,1
129,Belagavi PS 43,1,,1,1,3,1
130,Belagavi PS 44,1,,1,1,3,1
131,Belagavi PS 45,1,,1,1,3,1
132,Belagavi PS 46,1,,1,1,3,1
133,Belagavi PS 47,1,,1,1,3,1
134,Belagavi PS 48,1,,1,1,3,1
135,Belagavi PS 49,1,,1,1,3,1
136,Belagavi PS 50,1,,1,1,3,1
137,Belagavi PS 51,1,,1,1,3,1
138,Belagavi PS 52,1,,1,1,3,1
139,Belagavi PS 53,1,,1,1,3,1
140,Belagavi PS 54,1,,1,1,3,1
141,Belagavi PS 55,1,,1,1,3,1
142,Belagavi PS 56,1,,1,1,3,1
143,Belagavi PS 57,1,,1,1,3,1
144,Bengaluru Rural PS 1,1,,1,1,4,1
145,Bengaluru Rural PS 2,1,,1,1,4,1
146,Bengaluru Rural PS 3,1,,1,1,4,1
147,Bengaluru Rural PS 4,1,,1,1,4,1
148,Bengaluru Rural PS 5,1,,1,1,4,1
149,Bengaluru Rural PS 6,1,,1,1,4,1
150,Bengaluru Rural PS 7,1,,1,1,4,1
151,Bengaluru Rural PS 8,1,,1,1,4,1
152,Bengaluru Rural PS 9,1,,1,1,4,1
153,Bengaluru Rural PS 10,1,,1,1,4,1
154,Bengaluru Rural PS 11,1,,1,1,4,1
155,Bengaluru Rural PS 12,1,,1,1,4,1
156,Bengaluru Rural PS 13,1,,1,1,4,1
157,Bengaluru Rural PS 14,1,,1,1,4,1
158,Bengaluru Rural PS 15,1,,1,1,4,1
159,Bengaluru Rural PS 16,1,,1,1,4,1
160,Bengaluru Rural PS 17,1,,1,1,4,1
161,Bengaluru Rural PS 18,1,,1,1,4,1
162,Bengaluru Rural PS 19,1,,1,1,4,1
163,Bengaluru Rural PS 20,1,,1,1,4,1
164,Bengaluru Rural PS 21,1,,1,1,4,1
165,Bengaluru Rural PS 22,1,,1,1,4,1
166,Bengaluru Rural PS 23,1,,1,1,4,1
167,Bengaluru Rural PS 24,1,,1,1,4,1
168,Bengaluru Rural PS 25,1,,1,1,4,1
169,Bengaluru Rural PS 26,1,,1,1,4,1
170,Bengaluru Rural PS 27,1,,1,1,4,1
171,Bengaluru Rural PS 28,1,,1,1,4,1
172,Bengaluru Rural PS 29,1,,1,1,4,1
173,Bengaluru Urban PS 1,1,,1,1,5,1
174,Bengaluru Urban PS 2,1,,1,1,5,1
175,Bengaluru Urban PS 3,1,,1,1,5,1
176,Bengaluru Urban PS 4,1,,1,1,5,1
177,Bengaluru Urban PS 5,1,,1,1,5,1
178,Bengaluru Urban PS 6,1,,1,1,5,1
179,Bengaluru Urban PS 7,1,,1,1,5,1
180,Bengaluru Urban PS 8,1,,1,1,5,1
181,Bengaluru Urban PS 9,1,,1,1,5,1
182,Bengaluru Urban PS 10,1,,1,1,5,1
183,Bengaluru Urban PS 11,1,,1,1,5,1
184,Bengaluru Urban PS 12,1,,1,1,5,1
185,Bengaluru Urban PS 13,1,,1,1,5,1
186,Bengaluru Urban PS 14,1,,1,1,5,1
187,Bengaluru Urban PS 15,1,,1,1,5,1
188,Bengaluru Urban PS 16,1,,1,1,5,1
189,Bengaluru Urban PS 17,1,,1,1,5,1
190,Bengaluru Urban PS 18,1,,1,1,5,1
191,Bengaluru Urban PS 19,1,,1,1,5,1
192,Bengaluru Urban PS 20,1,,1,1,5,1
193,Bengaluru Urban PS 21,1,,1,1,5,1
194,Bengaluru Urban PS 22,1,,1,1,5,1
195,Bengaluru Urban PS 23,1,,1,1,5,1
196,Bengaluru Urban PS 24,1,,1,1,5,1
197,Bengaluru Urban PS 25,1,,1,1,5,1
198,Bengaluru Urban PS 26,1,,1,1,5,1
199,Bengaluru Urban PS 27,1,,1,1,5,1
200,Bengaluru Urban PS 28,1,,1,1,5,1
201,Bengaluru Urban PS 29,1,,1,1,5,1
202,Bengaluru Urban PS 30,1,,1,1,5,1
203,Bengaluru Urban PS 31,1,,1,1,5,1
204,Bengaluru Urban PS 32,1,,1,1,5,1
205,Bengaluru Urban PS 33,1,,1,1,5,1
206,Bengaluru Urban PS 34,1,,1,1,5,1
207,Bengaluru Urban PS 35,1,,1,1,5,1
208,Bengaluru Urban PS 36,1,,1,1,5,1
209,Bengaluru Urban PS 37,1,,1,1,5,1
210,Bengaluru Urban PS 38,1,,1,1,5,1
211,Bengaluru Urban PS 39,1,,1,1,5,1
212,Bengaluru Urban PS 40,1,,1,1,5,1
213,Bengaluru Urban PS 41,1,,1,1,5,1
214,Bengaluru Urban PS 42,1,,1,1,5,1
215,Bengaluru Urban PS 43,1,,1,1,5,1
216,Bengaluru Urban PS 44,1,,1,1,5,1
217,Bengaluru Urban PS 45,1,,1,1,5,1
218,Bengaluru Urban PS 46,1,,1,1,5,1
219,Bengaluru Urban PS 47,1,,1,1,5,1
220,Bengaluru Urban PS 48,1,,1,1,5,1
221,Bengaluru Urban PS 49,1,,1,1,5,1
222,Bengaluru Urban PS 50,1,,1,1,5,1
223,Bengaluru Urban PS 51,1,,1,1,5,1
224,Bengaluru Urban PS 52,1,,1,1,5,1
225,Bengaluru Urban PS 53,1,,1,1,5,1
226,Bengaluru Urban PS 54,1,,1,1,5,1
227,Bengaluru Urban PS 55,1,,1,1,5,1
228,Bengaluru Urban PS 56,1,,1,1,5,1
229,Bengaluru Urban PS 57,1,,1,1,5,1
230,Bengaluru Urban PS 58,1,,1,1,5,1
231,Bengaluru Urban PS 59,1,,1,1,5,1
232,Bengaluru Urban PS 60,1,,1,1,5,1
233,Bengaluru Urban PS 61,1,,1,1,5,1
234,Bengaluru Urban PS 62,1,,1,1,5,1
235,Bengaluru Urban PS 63,1,,1,1,5,1
236,Bengaluru Urban PS 64,1,,1,1,5,1
237,Bengaluru Urban PS 65,1,,1,1,5,1
238,Bengaluru Urban PS 66,1,,1,1,5,1
239,Bengaluru Urban PS 67,1,,1,1,5,1
240,Bengaluru Urban PS 68,1,,1,1,5,1
241,Bengaluru Urban PS 69,1,,1,1,5,1
242,Bengaluru Urban PS 70,1,,1,1,5,1
243,Bengaluru Urban PS 71,1,,1,1,5,1
244,Bengaluru Urban PS 72,1,,1,1,5,1
245,Bengaluru Urban PS 73,1,,1,1,5,1
246,Bengaluru Urban PS 74,1,,1,1,5,1
247,Bengaluru Urban PS 75,1,,1,1,5,1
248,Bengaluru Urban PS 76,1,,1,1,5,1
249,Bengaluru Urban PS 77,1,,1,1,5,1
250,Bengaluru Urban PS 78,1,,1,1,5,1
251,Bengaluru Urban PS 79,1,,1,1,5,1
252,Bengaluru Urban PS 80,1,,1,1,5,1
253,Bengaluru Urban PS 81,1,,1,1,5,1
254,Bengaluru Urban PS 82,1,,1,1,5,1
255,Bengaluru Urban PS 83,1,,1,1,5,1
256,Bengaluru Urban PS 84,1,,1,1,5,1
257,Bengaluru Urban PS 85,1,,1,1,5,1
258,Bengaluru Urban PS 86,1,,1,1,5,1
259,Bengaluru Urban PS 87,1,,1,1,5,1
260,Bengaluru Urban PS 88,1,,1,1,5,1
261,Bengaluru Urban PS 89,1,,1,1,5,1
262,Bengaluru Urban PS 90,1,,1,1,5,1
263,Bengaluru Urban PS 91,1,,1,1,5,1
264,Bengaluru Urban PS 92,1,,1,1,5,1
265,Bengaluru Urban PS 93,1,,1,1,5,1
266,Bengaluru Urban PS 94,1,,1,1,5,1
267,Bengaluru Urban PS 95,1,,1,1,5,1
268,Bengaluru Urban PS 96,1,,1,1,5,1
269,Bengaluru Urban PS 97,1,,1,1,5,1
270,Bengaluru Urban PS 98,1,,1,1,5,1
271,Bengaluru Urban PS 99,1,,1,1,5,1
272,Bengaluru Urban PS 100,1,,1,1,5,1
273,Bengaluru Urban PS 101,1,,1,1,5,1
274,Bengaluru Urban PS 102,1,,1,1,5,1
275,Bengaluru Urban PS 103,1,,1,1,5,1
276,Bengaluru Urban PS 104,1,,1,1,5,1
277,Bengaluru Urban PS 105,1,,1,1,5,1
278,Bengaluru Urban PS 106,1,,1,1,5,1
279,Bengaluru Urban PS 107,1,,1,1,5,1
280,Bengaluru Urban PS 108,1,,1,1,5,1
281,Bengaluru Urban PS 109,1,,1,1,5,1
282,Bengaluru Urban PS 110,1,,1,1,5,1
283,Bengaluru Urban PS 111,1,,1,1,5,1
284,Bengaluru Urban PS 112,1,,1,1,5,1
285,Bengaluru Urban PS 113,1,,1,1,5,1
286,Bengaluru Urban PS 114,1,,1,1,5,1
287,Bengaluru Urban PS 115,1,,1,1,5,1
288,Bidar PS 1,1,,1,1,6,1
289,Bidar PS 2,1,,1,1,6,1
290,Bidar PS 3,1,,1,1,6,1
291,Bidar PS 4,1,,1,1,6,1
292,Bidar PS 5,1,,1,1,6,1
293,Bidar PS 6,1,,1,1,6,1
294,Bidar PS 7,1,,1,1,6,1
295,Bidar PS 8,1,,1,1,6,1
296,Bidar PS 9,1,,1,1,6,1
297,Bidar PS 10,1,,1,1,6,1
298,Bidar PS 11,1,,1,1,6,1
299,Bidar PS 12,1,,1,1,6,1
300,Bidar PS 13,1,,1,1,6,1
301,Bidar PS 14,1,,1,1,6,1
302,Bidar PS 15,1,,1,1,6,1
303,Bidar PS 16,1,,1,1,6,1
304,Bidar PS 17,1,,1,1,6,1
305,Bidar PS 18,1,,1,1,6,1
306,Bidar PS 19,1,,1,1,6,1
307,Bidar PS 20,1,,1,1,6,1
308,Bidar PS 21,1,,1,1,6,1
309,Bidar PS 22,1,,1,1,6,1
310,Bidar PS 23,1,,1,1,6,1
311,Bidar PS 24,1,,1,1,6,1
312,Bidar PS 25,1,,1,1,6,1
313,Bidar PS 26,1,,1,1,6,1
314,Bidar PS 27,1,,1,1,6,1
315,Bidar PS 28,1,,1,1,6,1
316,Bidar PS 29,1,,1,1,6,1
317,Chamarajanagar PS 1,1,,1,1,7,1
318,Chamarajanagar PS 2,1,,1,1,7,1
319,Chamarajanagar PS 3,1,,1,1,7,1
320,Chamarajanagar PS 4,1,,1,1,7,1
321,Chamarajanagar PS 5,1,,1,1,7,1
322,Chamarajanagar PS 6,1,,1,1,7,1
323,Chamarajanagar PS 7,1,,1,1,7,1
324,Chamarajanagar PS 8,1,,1,1,7,1
325,Chamarajanagar PS 9,1,,1,1,7,1
326,Chamarajanagar PS 10,1,,1,1,7,1
327,Chamarajanagar PS 11,1,,1,1,7,1
328,Chamarajanagar PS 12,1,,1,1,7,1
329,Chamarajanagar PS 13,1,,1,1,7,1
330,Chamarajanagar PS 14,1,,1,1,7,1
331,Chamarajanagar PS 15,1,,1,1,7,1
332,Chamarajanagar PS 16,1,,1,1,7,1
333,Chamarajanagar PS 17,1,,1,1,7,1
334,Chamarajanagar PS 18,1,,1,1,7,1
335,Chamarajanagar PS 19,1,,1,1,7,1
336,Chamarajanagar PS 20,1,,1,1,7,1
337,Chamarajanagar PS 21,1,,1,1,7,1
338,Chamarajanagar PS 22,1,,1,1,7,1
339,Chamarajanagar PS 23,1,,1,1,7,1
340,Chamarajanagar PS 24,1,,1,1,7,1
341,Chamarajanagar PS 25,1,,1,1,7,1
342,Chamarajanagar PS 26,1,,1,1,7,1
343,Chamarajanagar PS 27,1,,1,1,7,1
344,Chamarajanagar PS 28,1,,1,1,7,1
345,Chamarajanagar PS 29,1,,1,1,7,1
346,Chikkaballapur PS 1,1,,1,1,8,1
347,Chikkaballapur PS 2,1,,1,1,8,1
348,Chikkaballapur PS 3,1,,1,1,8,1
349,Chikkaballapur PS 4,1,,1,1,8,1
350,Chikkaballapur PS 5,1,,1,1,8,1
351,Chikkaballapur PS 6,1,,1,1,8,1
352,Chikkaballapur PS 7,1,,1,1,8,1
353,Chikkaballapur PS 8,1,,1,1,8,1
354,Chikkaballapur PS 9,1,,1,1,8,1
355,Chikkaballapur PS 10,1,,1,1,8,1
356,Chikkaballapur PS 11,1,,1,1,8,1
357,Chikkaballapur PS 12,1,,1,1,8,1
358,Chikkaballapur PS 13,1,,1,1,8,1
359,Chikkaballapur PS 14,1,,1,1,8,1
360,Chikkaballapur PS 15,1,,1,1,8,1
361,Chikkaballapur PS 16,1,,1,1,8,1
362,Chikkaballapur PS 17,1,,1,1,8,1
363,Chikkaballapur PS 18,1,,1,1,8,1
364,Chikkaballapur PS 19,1,,1,1,8,1
365,Chikkaballapur PS 20,1,,1,1,8,1
366,Chikkaballapur PS 21,1,,1,1,8,1
367,Chikkaballapur PS 22,1,,1,1,8,1
368,Chikkaballapur PS 23,1,,1,1,8,1
369,Chikkaballapur PS 24,1,,1,1,8,1
370,Chikkaballapur PS 25,1,,1,1,8,1
371,Chikkaballapur PS 26,1,,1,1,8,1
372,Chikkaballapur PS 27,1,,1,1,8,1
373,Chikkaballapur PS 28,1,,1,1,8,1
374,Chikkaballapur PS 29,1,,1,1,8,1
375,Chikkamagaluru PS 1,1,,1,1,9,1
376,Chikkamagaluru PS 2,1,,1,1,9,1
377,Chikkamagaluru PS 3,1,,1,1,9,1
378,Chikkamagaluru PS 4,1,,1,1,9,1
379,Chikkamagaluru PS 5,1,,1,1,9,1
380,Chikkamagaluru PS 6,1,,1,1,9,1
381,Chikkamagaluru PS 7,1,,1,1,9,1
382,Chikkamagaluru PS 8,1,,1,1,9,1
383,Chikkamagaluru PS 9,1,,1,1,9,1
384,Chikkamagaluru PS 10,1,,1,1,9,1
385,Chikkamagaluru PS 11,1,,1,1,9,1
386,Chikkamagaluru PS 12,1,,1,1,9,1
387,Chikkamagaluru PS 13,1,,1,1,9,1
388,Chikkamagaluru PS 14,1,,1,1,9,1
389,Chikkamagaluru PS 15,1,,1,1,9,1
390,Chikkamagaluru PS 16,1,,1,1,9,1
391,Chikkamagaluru PS 17,1,,1,1,9,1
392,Chikkamagaluru PS 18,1,,1,1,9,1
393,Chikkamagaluru PS 19,1,,1,1,9,1
394,Chikkamagaluru PS 20,1,,1,1,9,1
395,Chikkamagaluru PS 21,1,,1,1,9,1
396,Chikkamagaluru PS 22,1,,1,1,9,1
397,Chikkamagaluru PS 23,1,,1,1,9,1
398,Chikkamagaluru PS 24,1,,1,1,9,1
399,Chikkamagaluru PS 25,1,,1,1,9,1
400,Chikkamagaluru PS 26,1,,1,1,9,1
401,Chikkamagaluru PS 27,1,,1,1,9,1
402,Chikkamagaluru PS 28,1,,1,1,9,1
403,Chikkamagaluru PS 29,1,,1,1,9,1
404,Chitradurga PS 1,1,,1,1,10,1
405,Chitradurga PS 2,1,,1,1,10,1
406,Chitradurga PS 3,1,,1,1,10,1
407,Chitradurga PS 4,1,,1,1,10,1
408,Chitradurga PS 5,1,,1,1,10,1
409,Chitradurga PS 6,1,,1,1,10,1
410,Chitradurga PS 7,1,,1,1,10,1
411,Chitradurga PS 8,1,,1,1,10,1
412,Chitradurga PS 9,1,,1,1,10,1
413,Chitradurga PS 10,1,,1,1,10,1
414,Chitradurga PS 11,1,,1,1,10,1
415,Chitradurga PS 12,1,,1,1,10,1
416,Chitradurga PS 13,1,,1,1,10,1
417,Chitradurga PS 14,1,,1,1,10,1
418,Chitradurga PS 15,1,,1,1,10,1
419,Chitradurga PS 16,1,,1,1,10,1
420,Chitradurga PS 17,1,,1,1,10,1
421,Chitradurga PS 18,1,,1,1,10,1
422,Chitradurga PS 19,1,,1,1,10,1
423,Chitradurga PS 20,1,,1,1,10,1
424,Chitradurga PS 21,1,,1,1,10,1
425,Chitradurga PS 22,1,,1,1,10,1
426,Chitradurga PS 23,1,,1,1,10,1
427,Chitradurga PS 24,1,,1,1,10,1
428,Chitradurga PS 25,1,,1,1,10,1
429,Chitradurga PS 26,1,,1,1,10,1
430,Chitradurga PS 27,1,,1,1,10,1
431,Chitradurga PS 28,1,,1,1,10,1
432,Chitradurga PS 29,1,,1,1,10,1
433,Dakshina Kannada PS 1,1,,1,1,11,1
434,Dakshina Kannada PS 2,1,,1,1,11,1
435,Dakshina Kannada PS 3,1,,1,1,11,1
436,Dakshina Kannada PS 4,1,,1,1,11,1
437,Dakshina Kannada PS 5,1,,1,1,11,1
438,Dakshina Kannada PS 6,1,,1,1,11,1
439,Dakshina Kannada PS 7,1,,1,1,11,1
440,Dakshina Kannada PS 8,1,,1,1,11,1
441,Dakshina Kannada PS 9,1,,1,1,11,1
442,Dakshina Kannada PS 10,1,,1,1,11,1
443,Dakshina Kannada PS 11,1,,1,1,11,1
444,Dakshina Kannada PS 12,1,,1,1,11,1
445,Dakshina Kannada PS 13,1,,1,1,11,1
446,Dakshina Kannada PS 14,1,,1,1,11,1
447,Dakshina Kannada PS 15,1,,1,1,11,1
448,Dakshina Kannada PS 16,1,,1,1,11,1
449,Dakshina Kannada PS 17,1,,1,1,11,1
450,Dakshina Kannada PS 18,1,,1,1,11,1
451,Dakshina Kannada PS 19,1,,1,1,11,1
452,Dakshina Kannada PS 20,1,,1,1,11,1
453,Dakshina Kannada PS 21,1,,1,1,11,1
454,Dakshina Kannada PS 22,1,,1,1,11,1
455,Dakshina Kannada PS 23,1,,1,1,11,1
456,Dakshina Kannada PS 24,1,,1,1,11,1
457,Dakshina Kannada PS 25,1,,1,1,11,1
458,Dakshina Kannada PS 26,1,,1,1,11,1
459,Dakshina Kannada PS 27,1,,1,1,11,1
460,Dakshina Kannada PS 28,1,,1,1,11,1
461,Dakshina Kannada PS 29,1,,1,1,11,1
462,Dakshina Kannada PS 30,1,,1,1,11,1
463,Dakshina Kannada PS 31,1,,1,1,11,1
464,Dakshina Kannada PS 32,1,,1,1,11,1
465,Dakshina Kannada PS 33,1,,1,1,11,1
466,Dakshina Kannada PS 34,1,,1,1,11,1
467,Dakshina Kannada PS 35,1,,1,1,11,1
468,Dakshina Kannada PS 36,1,,1,1,11,1
469,Dakshina Kannada PS 37,1,,1,1,11,1
470,Dakshina Kannada PS 38,1,,1,1,11,1
471,Dakshina Kannada PS 39,1,,1,1,11,1
472,Dakshina Kannada PS 40,1,,1,1,11,1
473,Dakshina Kannada PS 41,1,,1,1,11,1
474,Dakshina Kannada PS 42,1,,1,1,11,1
475,Dakshina Kannada PS 43,1,,1,1,11,1
476,Dakshina Kannada PS 44,1,,1,1,11,1
477,Dakshina Kannada PS 45,1,,1,1,11,1
478,Dakshina Kannada PS 46,1,,1,1,11,1
479,Dakshina Kannada PS 47,1,,1,1,11,1
480,Dakshina Kannada PS 48,1,,1,1,11,1
481,Dakshina Kannada PS 49,1,,1,1,11,1
482,Dakshina Kannada PS 50,1,,1,1,11,1
483,Dakshina Kannada PS 51,1,,1,1,11,1
484,Dakshina Kannada PS 52,1,,1,1,11,1
485,Dakshina Kannada PS 53,1,,1,1,11,1
486,Dakshina Kannada PS 54,1,,1,1,11,1
487,Dakshina Kannada PS 55,1,,1,1,11,1
488,Dakshina Kannada PS 56,1,,1,1,11,1
489,Dakshina Kannada PS 57,1,,1,1,11,1
490,Davanagere PS 1,1,,1,1,12,1
491,Davanagere PS 2,1,,1,1,12,1
492,Davanagere PS 3,1,,1,1,12,1
493,Davanagere PS 4,1,,1,1,12,1
494,Davanagere PS 5,1,,1,1,12,1
495,Davanagere PS 6,1,,1,1,12,1
496,Davanagere PS 7,1,,1,1,12,1
497,Davanagere PS 8,1,,1,1,12,1
498,Davanagere PS 9,1,,1,1,12,1
499,Davanagere PS 10,1,,1,1,12,1
500,Davanagere PS 11,1,,1,1,12,1
501,Davanagere PS 12,1,,1,1,12,1
502,Davanagere PS 13,1,,1,1,12,1
503,Davanagere PS 14,1,,1,1,12,1
504,Davanagere PS 15,1,,1,1,12,1
505,Davanagere PS 16,1,,1,1,12,1
506,Davanagere PS 17,1,,1,1,12,1
507,Davanagere PS 18,1,,1,1,12,1
508,Davanagere PS 19,1,,1,1,12,1
509,Davanagere PS 20,1,,1,1,12,1
510,Davanagere PS 21,1,,1,1,12,1
511,Davanagere PS 22,1,,1,1,12,1
512,Davanagere PS 23,1,,1,1,12,1
513,Davanagere PS 24,1,,1,1,12,1
514,Davanagere PS 25,1,,1,1,12,1
515,Davanagere PS 26,1,,1,1,12,1
516,Davanagere PS 27,1,,1,1,12,1
517,Davanagere PS 28,1,,1,1,12,1
518,Davanagere PS 29,1,,1,1,12,1
519,Dharwad PS 1,1,,1,1,13,1
520,Dharwad PS 2,1,,1,1,13,1
521,Dharwad PS 3,1,,1,1,13,1
522,Dharwad PS 4,1,,1,1,13,1
523,Dharwad PS 5,1,,1,1,13,1
524,Dharwad PS 6,1,,1,1,13,1
525,Dharwad PS 7,1,,1,1,13,1
526,Dharwad PS 8,1,,1,1,13,1
527,Dharwad PS 9,1,,1,1,13,1
528,Dharwad PS 10,1,,1,1,13,1
529,Dharwad PS 11,1,,1,1,13,1
530,Dharwad PS 12,1,,1,1,13,1
531,Dharwad PS 13,1,,1,1,13,1
532,Dharwad PS 14,1,,1,1,13,1
533,Dharwad PS 15,1,,1,1,13,1
534,Dharwad PS 16,1,,1,1,13,1
535,Dharwad PS 17,1,,1,1,13,1
536,Dharwad PS 18,1,,1,1,13,1
537,Dharwad PS 19,1,,1,1,13,1
538,Dharwad PS 20,1,,1,1,13,1
539,Dharwad PS 21,1,,1,1,13,1
540,Dharwad PS 22,1,,1,1,13,1
541,Dharwad PS 23,1,,1,1,13,1
542,Dharwad PS 24,1,,1,1,13,1
543,Dharwad PS 25,1,,1,1,13,1
544,Dharwad PS 26,1,,1,1,13,1
545,Dharwad PS 27,1,,1,1,13,1
546,Dharwad PS 28,1,,1,1,13,1
547,Dharwad PS 29,1,,1,1,13,1
548,Gadag PS 1,1,,1,1,14,1
549,Gadag PS 2,1,,1,1,14,1
550,Gadag PS 3,1,,1,1,14,1
551,Gadag PS 4,1,,1,1,14,1
552,Gadag PS 5,1,,1,1,14,1
553,Gadag PS 6,1,,1,1,14,1
554,Gadag PS 7,1,,1,1,14,1
555,Gadag PS 8,1,,1,1,14,1
556,Gadag PS 9,1,,1,1,14,1
557,Gadag PS 10,1,,1,1,14,1
558,Gadag PS 11,1,,1,1,14,1
559,Gadag PS 12,1,,1,1,14,1
560,Gadag PS 13,1,,1,1,14,1
561,Gadag PS 14,1,,1,1,14,1
562,Gadag PS 15,1,,1,1,14,1
563,Gadag PS 16,1,,1,1,14,1
564,Gadag PS 17,1,,1,1,14,1
565,Gadag PS 18,1,,1,1,14,1
566,Gadag PS 19,1,,1,1,14,1
567,Gadag PS 20,1,,1,1,14,1
568,Gadag PS 21,1,,1,1,14,1
569,Gadag PS 22,1,,1,1,14,1
570,Gadag PS 23,1,,1,1,14,1
571,Gadag PS 24,1,,1,1,14,1
572,Gadag PS 25,1,,1,1,14,1
573,Gadag PS 26,1,,1,1,14,1
574,Gadag PS 27,1,,1,1,14,1
575,Gadag PS 28,1,,1,1,14,1
576,Gadag PS 29,1,,1,1,14,1
577,Hassan PS 1,1,,1,1,15,1
578,Hassan PS 2,1,,1,1,15,1
579,Hassan PS 3,1,,1,1,15,1
580,Hassan PS 4,1,,1,1,15,1
581,Hassan PS 5,1,,1,1,15,1
582,Hassan PS 6,1,,1,1,15,1
583,Hassan PS 7,1,,1,1,15,1
584,Hassan PS 8,1,,1,1,15,1
585,Hassan PS 9,1,,1,1,15,1
586,Hassan PS 10,1,,1,1,15,1
587,Hassan PS 11,1,,1,1,15,1
588,Hassan PS 12,1,,1,1,15,1
589,Hassan PS 13,1,,1,1,15,1
590,Hassan PS 14,1,,1,1,15,1
591,Hassan PS 15,1,,1,1,15,1
592,Hassan PS 16,1,,1,1,15,1
593,Hassan PS 17,1,,1,1,15,1
594,Hassan PS 18,1,,1,1,15,1
595,Hassan PS 19,1,,1,1,15,1
596,Hassan PS 20,1,,1,1,15,1
597,Hassan PS 21,1,,1,1,15,1
598,Hassan PS 22,1,,1,1,15,1
599,Hassan PS 23,1,,1,1,15,1
600,Hassan PS 24,1,,1,1,15,1
601,Hassan PS 25,1,,1,1,15,1
602,Hassan PS 26,1,,1,1,15,1
603,Hassan PS 27,1,,1,1,15,1
604,Hassan PS 28,1,,1,1,15,1
605,Hassan PS 29,1,,1,1,15,1
606,Haveri PS 1,1,,1,1,16,1
607,Haveri PS 2,1,,1,1,16,1
608,Haveri PS 3,1,,1,1,16,1
609,Haveri PS 4,1,,1,1,16,1
610,Haveri PS 5,1,,1,1,16,1
611,Haveri PS 6,1,,1,1,16,1
612,Haveri PS 7,1,,1,1,16,1
613,Haveri PS 8,1,,1,1,16,1
614,Haveri PS 9,1,,1,1,16,1
615,Haveri PS 10,1,,1,1,16,1
616,Haveri PS 11,1,,1,1,16,1
617,Haveri PS 12,1,,1,1,16,1
618,Haveri PS 13,1,,1,1,16,1
619,Haveri PS 14,1,,1,1,16,1
620,Haveri PS 15,1,,1,1,16,1
621,Haveri PS 16,1,,1,1,16,1
622,Haveri PS 17,1,,1,1,16,1
623,Haveri PS 18,1,,1,1,16,1
624,Haveri PS 19,1,,1,1,16,1
625,Haveri PS 20,1,,1,1,16,1
626,Haveri PS 21,1,,1,1,16,1
627,Haveri PS 22,1,,1,1,16,1
628,Haveri PS 23,1,,1,1,16,1
629,Haveri PS 24,1,,1,1,16,1
630,Haveri PS 25,1,,1,1,16,1
631,Haveri PS 26,1,,1,1,16,1
632,Haveri PS 27,1,,1,1,16,1
633,Haveri PS 28,1,,1,1,16,1
634,Haveri PS 29,1,,1,1,16,1
635,Kalaburagi PS 1,1,,1,1,17,1
636,Kalaburagi PS 2,1,,1,1,17,1
637,Kalaburagi PS 3,1,,1,1,17,1
638,Kalaburagi PS 4,1,,1,1,17,1
639,Kalaburagi PS 5,1,,1,1,17,1
640,Kalaburagi PS 6,1,,1,1,17,1
641,Kalaburagi PS 7,1,,1,1,17,1
642,Kalaburagi PS 8,1,,1,1,17,1
643,Kalaburagi PS 9,1,,1,1,17,1
644,Kalaburagi PS 10,1,,1,1,17,1
645,Kalaburagi PS 11,1,,1,1,17,1
646,Kalaburagi PS 12,1,,1,1,17,1
647,Kalaburagi PS 13,1,,1,1,17,1
648,Kalaburagi PS 14,1,,1,1,17,1
649,Kalaburagi PS 15,1,,1,1,17,1
650,Kalaburagi PS 16,1,,1,1,17,1
651,Kalaburagi PS 17,1,,1,1,17,1
652,Kalaburagi PS 18,1,,1,1,17,1
653,Kalaburagi PS 19,1,,1,1,17,1
654,Kalaburagi PS 20,1,,1,1,17,1
655,Kalaburagi PS 21,1,,1,1,17,1
656,Kalaburagi PS 22,1,,1,1,17,1
657,Kalaburagi PS 23,1,,1,1,17,1
658,Kalaburagi PS 24,1,,1,1,17,1
659,Kalaburagi PS 25,1,,1,1,17,1
660,Kalaburagi PS 26,1,,1,1,17,1
661,Kalaburagi PS 27,1,,1,1,17,1
662,Kalaburagi PS 28,1,,1,1,17,1
663,Kalaburagi PS 29,1,,1,1,17,1
664,Kalaburagi PS 30,1,,1,1,17,1
665,Kalaburagi PS 31,1,,1,1,17,1
666,Kalaburagi PS 32,1,,1,1,17,1
667,Kalaburagi PS 33,1,,1,1,17,1
668,Kalaburagi PS 34,1,,1,1,17,1
669,Kalaburagi PS 35,1,,1,1,17,1
670,Kalaburagi PS 36,1,,1,1,17,1
671,Kalaburagi PS 37,1,,1,1,17,1
672,Kalaburagi PS 38,1,,1,1,17,1
673,Kalaburagi PS 39,1,,1,1,17,1
674,Kalaburagi PS 40,1,,1,1,17,1
675,Kalaburagi PS 41,1,,1,1,17,1
676,Kalaburagi PS 42,1,,1,1,17,1
677,Kalaburagi PS 43,1,,1,1,17,1
678,Kalaburagi PS 44,1,,1,1,17,1
679,Kalaburagi PS 45,1,,1,1,17,1
680,Kalaburagi PS 46,1,,1,1,17,1
681,Kalaburagi PS 47,1,,1,1,17,1
682,Kalaburagi PS 48,1,,1,1,17,1
683,Kalaburagi PS 49,1,,1,1,17,1
684,Kalaburagi PS 50,1,,1,1,17,1
685,Kalaburagi PS 51,1,,1,1,17,1
686,Kalaburagi PS 52,1,,1,1,17,1
687,Kalaburagi PS 53,1,,1,1,17,1
688,Kalaburagi PS 54,1,,1,1,17,1
689,Kalaburagi PS 55,1,,1,1,17,1
690,Kalaburagi PS 56,1,,1,1,17,1
691,Kalaburagi PS 57,1,,1,1,17,1
692,Kodagu PS 1,1,,1,1,18,1
693,Kodagu PS 2,1,,1,1,18,1
694,Kodagu PS 3,1,,1,1,18,1
695,Kodagu PS 4,1,,1,1,18,1
696,Kodagu PS 5,1,,1,1,18,1
697,Kodagu PS 6,1,,1,1,18,1
698,Kodagu PS 7,1,,1,1,18,1
699,Kodagu PS 8,1,,1,1,18,1
700,Kodagu PS 9,1,,1,1,18,1
701,Kodagu PS 10,1,,1,1,18,1
702,Kodagu PS 11,1,,1,1,18,1
703,Kodagu PS 12,1,,1,1,18,1
704,Kodagu PS 13,1,,1,1,18,1
705,Kodagu PS 14,1,,1,1,18,1
706,Kodagu PS 15,1,,1,1,18,1
707,Kodagu PS 16,1,,1,1,18,1
708,Kodagu PS 17,1,,1,1,18,1
709,Kodagu PS 18,1,,1,1,18,1
710,Kodagu PS 19,1,,1,1,18,1
711,Kodagu PS 20,1,,1,1,18,1
712,Kodagu PS 21,1,,1,1,18,1
713,Kodagu PS 22,1,,1,1,18,1
714,Kodagu PS 23,1,,1,1,18,1
715,Kodagu PS 24,1,,1,1,18,1
716,Kodagu PS 25,1,,1,1,18,1
717,Kodagu PS 26,1,,1,1,18,1
718,Kodagu PS 27,1,,1,1,18,1
719,Kodagu PS 28,1,,1,1,18,1
720,Kodagu PS 29,1,,1,1,18,1
721,Kolar PS 1,1,,1,1,19,1
722,Kolar PS 2,1,,1,1,19,1
723,Kolar PS 3,1,,1,1,19,1
724,Kolar PS 4,1,,1,1,19,1
725,Kolar PS 5,1,,1,1,19,1
726,Kolar PS 6,1,,1,1,19,1
727,Kolar PS 7,1,,1,1,19,1
728,Kolar PS 8,1,,1,1,19,1
729,Kolar PS 9,1,,1,1,19,1
730,Kolar PS 10,1,,1,1,19,1
731,Kolar PS 11,1,,1,1,19,1
732,Kolar PS 12,1,,1,1,19,1
733,Kolar PS 13,1,,1,1,19,1
734,Kolar PS 14,1,,1,1,19,1
735,Kolar PS 15,1,,1,1,19,1
736,Kolar PS 16,1,,1,1,19,1
737,Kolar PS 17,1,,1,1,19,1
738,Kolar PS 18,1,,1,1,19,1
739,Kolar PS 19,1,,1,1,19,1
740,Kolar PS 20,1,,1,1,19,1
741,Kolar PS 21,1,,1,1,19,1
742,Kolar PS 22,1,,1,1,19,1
743,Kolar PS 23,1,,1,1,19,1
744,Kolar PS 24,1,,1,1,19,1
745,Kolar PS 25,1,,1,1,19,1
746,Kolar PS 26,1,,1,1,19,1
747,Kolar PS 27,1,,1,1,19,1
748,Kolar PS 28,1,,1,1,19,1
749,Kolar PS 29,1,,1,1,19,1
750,Koppal PS 1,1,,1,1,20,1
751,Koppal PS 2,1,,1,1,20,1
752,Koppal PS 3,1,,1,1,20,1
753,Koppal PS 4,1,,1,1,20,1
754,Koppal PS 5,1,,1,1,20,1
755,Koppal PS 6,1,,1,1,20,1
756,Koppal PS 7,1,,1,1,20,1
757,Koppal PS 8,1,,1,1,20,1
758,Koppal PS 9,1,,1,1,20,1
759,Koppal PS 10,1,,1,1,20,1
760,Koppal PS 11,1,,1,1,20,1
761,Koppal PS 12,1,,1,1,20,1
762,Koppal PS 13,1,,1,1,20,1
763,Koppal PS 14,1,,1,1,20,1
764,Koppal PS 15,1,,1,1,20,1
765,Koppal PS 16,1,,1,1,20,1
766,Koppal PS 17,1,,1,1,20,1
767,Koppal PS 18,1,,1,1,20,1
768,Koppal PS 19,1,,1,1,20,1
769,Koppal PS 20,1,,1,1,20,1
770,Koppal PS 21,1,,1,1,20,1
771,Koppal PS 22,1,,1,1,20,1
772,Koppal PS 23,1,,1,1,20,1
773,Koppal PS 24,1,,1,1,20,1
774,Koppal PS 25,1,,1,1,20,1
775,Koppal PS 26,1,,1,1,20,1
776,Koppal PS 27,1,,1,1,20,1
777,Koppal PS 28,1,,1,1,20,1
778,Koppal PS 29,1,,1,1,20,1
779,Mandya PS 1,1,,1,1,21,1
780,Mandya PS 2,1,,1,1,21,1
781,Mandya PS 3,1,,1,1,21,1
782,Mandya PS 4,1,,1,1,21,1
783,Mandya PS 5,1,,1,1,21,1
784,Mandya PS 6,1,,1,1,21,1
785,Mandya PS 7,1,,1,1,21,1
786,Mandya PS 8,1,,1,1,21,1
787,Mandya PS 9,1,,1,1,21,1
788,Mandya PS 10,1,,1,1,21,1
789,Mandya PS 11,1,,1,1,21,1
790,Mandya PS 12,1,,1,1,21,1
791,Mandya PS 13,1,,1,1,21,1
792,Mandya PS 14,1,,1,1,21,1
793,Mandya PS 15,1,,1,1,21,1
794,Mandya PS 16,1,,1,1,21,1
795,Mandya PS 17,1,,1,1,21,1
796,Mandya PS 18,1,,1,1,21,1
797,Mandya PS 19,1,,1,1,21,1
798,Mandya PS 20,1,,1,1,21,1
799,Mandya PS 21,1,,1,1,21,1
800,Mandya PS 22,1,,1,1,21,1
801,Mandya PS 23,1,,1,1,21,1
802,Mandya PS 24,1,,1,1,21,1
803,Mandya PS 25,1,,1,1,21,1
804,Mandya PS 26,1,,1,1,21,1
805,Mandya PS 27,1,,1,1,21,1
806,Mandya PS 28,1,,1,1,21,1
807,Mandya PS 29,1,,1,1,21,1
808,Mysuru PS 1,1,,1,1,22,1
809,Mysuru PS 2,1,,1,1,22,1
810,Mysuru PS 3,1,,1,1,22,1
811,Mysuru PS 4,1,,1,1,22,1
812,Mysuru PS 5,1,,1,1,22,1
813,Mysuru PS 6,1,,1,1,22,1
814,Mysuru PS 7,1,,1,1,22,1
815,Mysuru PS 8,1,,1,1,22,1
816,Mysuru PS 9,1,,1,1,22,1
817,Mysuru PS 10,1,,1,1,22,1
818,Mysuru PS 11,1,,1,1,22,1
819,Mysuru PS 12,1,,1,1,22,1
820,Mysuru PS 13,1,,1,1,22,1
821,Mysuru PS 14,1,,1,1,22,1
822,Mysuru PS 15,1,,1,1,22,1
823,Mysuru PS 16,1,,1,1,22,1
824,Mysuru PS 17,1,,1,1,22,1
825,Mysuru PS 18,1,,1,1,22,1
826,Mysuru PS 19,1,,1,1,22,1
827,Mysuru PS 20,1,,1,1,22,1
828,Mysuru PS 21,1,,1,1,22,1
829,Mysuru PS 22,1,,1,1,22,1
830,Mysuru PS 23,1,,1,1,22,1
831,Mysuru PS 24,1,,1,1,22,1
832,Mysuru PS 25,1,,1,1,22,1
833,Mysuru PS 26,1,,1,1,22,1
834,Mysuru PS 27,1,,1,1,22,1
835,Mysuru PS 28,1,,1,1,22,1
836,Mysuru PS 29,1,,1,1,22,1
837,Mysuru PS 30,1,,1,1,22,1
838,Mysuru PS 31,1,,1,1,22,1
839,Mysuru PS 32,1,,1,1,22,1
840,Mysuru PS 33,1,,1,1,22,1
841,Mysuru PS 34,1,,1,1,22,1
842,Mysuru PS 35,1,,1,1,22,1
843,Mysuru PS 36,1,,1,1,22,1
844,Mysuru PS 37,1,,1,1,22,1
845,Mysuru PS 38,1,,1,1,22,1
846,Mysuru PS 39,1,,1,1,22,1
847,Mysuru PS 40,1,,1,1,22,1
848,Mysuru PS 41,1,,1,1,22,1
849,Mysuru PS 42,1,,1,1,22,1
850,Mysuru PS 43,1,,1,1,22,1
851,Mysuru PS 44,1,,1,1,22,1
852,Mysuru PS 45,1,,1,1,22,1
853,Mysuru PS 46,1,,1,1,22,1
854,Mysuru PS 47,1,,1,1,22,1
855,Mysuru PS 48,1,,1,1,22,1
856,Mysuru PS 49,1,,1,1,22,1
857,Mysuru PS 50,1,,1,1,22,1
858,Mysuru PS 51,1,,1,1,22,1
859,Mysuru PS 52,1,,1,1,22,1
860,Mysuru PS 53,1,,1,1,22,1
861,Mysuru PS 54,1,,1,1,22,1
862,Mysuru PS 55,1,,1,1,22,1
863,Mysuru PS 56,1,,1,1,22,1
864,Mysuru PS 57,1,,1,1,22,1
865,Raichur PS 1,1,,1,1,23,1
866,Raichur PS 2,1,,1,1,23,1
867,Raichur PS 3,1,,1,1,23,1
868,Raichur PS 4,1,,1,1,23,1
869,Raichur PS 5,1,,1,1,23,1
870,Raichur PS 6,1,,1,1,23,1
871,Raichur PS 7,1,,1,1,23,1
872,Raichur PS 8,1,,1,1,23,1
873,Raichur PS 9,1,,1,1,23,1
874,Raichur PS 10,1,,1,1,23,1
875,Raichur PS 11,1,,1,1,23,1
876,Raichur PS 12,1,,1,1,23,1
877,Raichur PS 13,1,,1,1,23,1
878,Raichur PS 14,1,,1,1,23,1
879,Raichur PS 15,1,,1,1,23,1
880,Raichur PS 16,1,,1,1,23,1
881,Raichur PS 17,1,,1,1,23,1
882,Raichur PS 18,1,,1,1,23,1
883,Raichur PS 19,1,,1,1,23,1
884,Raichur PS 20,1,,1,1,23,1
885,Raichur PS 21,1,,1,1,23,1
886,Raichur PS 22,1,,1,1,23,1
887,Raichur PS 23,1,,1,1,23,1
888,Raichur PS 24,1,,1,1,23,1
889,Raichur PS 25,1,,1,1,23,1
890,Raichur PS 26,1,,1,1,23,1
891,Raichur PS 27,1,,1,1,23,1
892,Raichur PS 28,1,,1,1,23,1
893,Raichur PS 29,1,,1,1,23,1
894,Ramanagara PS 1,1,,1,1,24,1
895,Ramanagara PS 2,1,,1,1,24,1
896,Ramanagara PS 3,1,,1,1,24,1
897,Ramanagara PS 4,1,,1,1,24,1
898,Ramanagara PS 5,1,,1,1,24,1
899,Ramanagara PS 6,1,,1,1,24,1
900,Ramanagara PS 7,1,,1,1,24,1
901,Ramanagara PS 8,1,,1,1,24,1
902,Ramanagara PS 9,1,,1,1,24,1
903,Ramanagara PS 10,1,,1,1,24,1
904,Ramanagara PS 11,1,,1,1,24,1
905,Ramanagara PS 12,1,,1,1,24,1
906,Ramanagara PS 13,1,,1,1,24,1
907,Ramanagara PS 14,1,,1,1,24,1
908,Ramanagara PS 15,1,,1,1,24,1
909,Ramanagara PS 16,1,,1,1,24,1
910,Ramanagara PS 17,1,,1,1,24,1
911,Ramanagara PS 18,1,,1,1,24,1
912,Ramanagara PS 19,1,,1,1,24,1
913,Ramanagara PS 20,1,,1,1,24,1
914,Ramanagara PS 21,1,,1,1,24,1
915,Ramanagara PS 22,1,,1,1,24,1
916,Ramanagara PS 23,1,,1,1,24,1
917,Ramanagara PS 24,1,,1,1,24,1
918,Ramanagara PS 25,1,,1,1,24,1
919,Ramanagara PS 26,1,,1,1,24,1
920,Ramanagara PS 27,1,,1,1,24,1
921,Ramanagara PS 28,1,,1,1,24,1
922,Ramanagara PS 29,1,,1,1,24,1
923,Shivamogga PS 1,1,,1,1,25,1
924,Shivamogga PS 2,1,,1,1,25,1
925,Shivamogga PS 3,1,,1,1,25,1
926,Shivamogga PS 4,1,,1,1,25,1
927,Shivamogga PS 5,1,,1,1,25,1
928,Shivamogga PS 6,1,,1,1,25,1
929,Shivamogga PS 7,1,,1,1,25,1
930,Shivamogga PS 8,1,,1,1,25,1
931,Shivamogga PS 9,1,,1,1,25,1
932,Shivamogga PS 10,1,,1,1,25,1
933,Shivamogga PS 11,1,,1,1,25,1
934,Shivamogga PS 12,1,,1,1,25,1
935,Shivamogga PS 13,1,,1,1,25,1
936,Shivamogga PS 14,1,,1,1,25,1
937,Shivamogga PS 15,1,,1,1,25,1
938,Shivamogga PS 16,1,,1,1,25,1
939,Shivamogga PS 17,1,,1,1,25,1
940,Shivamogga PS 18,1,,1,1,25,1
941,Shivamogga PS 19,1,,1,1,25,1
942,Shivamogga PS 20,1,,1,1,25,1
943,Shivamogga PS 21,1,,1,1,25,1
944,Shivamogga PS 22,1,,1,1,25,1
945,Shivamogga PS 23,1,,1,1,25,1
946,Shivamogga PS 24,1,,1,1,25,1
947,Shivamogga PS 25,1,,1,1,25,1
948,Shivamogga PS 26,1,,1,1,25,1
949,Shivamogga PS 27,1,,1,1,25,1
950,Shivamogga PS 28,1,,1,1,25,1
951,Shivamogga PS 29,1,,1,1,25,1
952,Tumakuru PS 1,1,,1,1,26,1
953,Tumakuru PS 2,1,,1,1,26,1
954,Tumakuru PS 3,1,,1,1,26,1
955,Tumakuru PS 4,1,,1,1,26,1
956,Tumakuru PS 5,1,,1,1,26,1
957,Tumakuru PS 6,1,,1,1,26,1
958,Tumakuru PS 7,1,,1,1,26,1
959,Tumakuru PS 8,1,,1,1,26,1
960,Tumakuru PS 9,1,,1,1,26,1
961,Tumakuru PS 10,1,,1,1,26,1
962,Tumakuru PS 11,1,,1,1,26,1
963,Tumakuru PS 12,1,,1,1,26,1
964,Tumakuru PS 13,1,,1,1,26,1
965,Tumakuru PS 14,1,,1,1,26,1
966,Tumakuru PS 15,1,,1,1,26,1
967,Tumakuru PS 16,1,,1,1,26,1
968,Tumakuru PS 17,1,,1,1,26,1
969,Tumakuru PS 18,1,,1,1,26,1
970,Tumakuru PS 19,1,,1,1,26,1
971,Tumakuru PS 20,1,,1,1,26,1
972,Tumakuru PS 21,1,,1,1,26,1
973,Tumakuru PS 22,1,,1,1,26,1
974,Tumakuru PS 23,1,,1,1,26,1
975,Tumakuru PS 24,1,,1,1,26,1
976,Tumakuru PS 25,1,,1,1,26,1
977,Tumakuru PS 26,1,,1,1,26,1
978,Tumakuru PS 27,1,,1,1,26,1
979,Tumakuru PS 28,1,,1,1,26,1
980,Tumakuru PS 29,1,,1,1,26,1
981,Udupi PS 1,1,,1,1,27,1
982,Udupi PS 2,1,,1,1,27,1
983,Udupi PS 3,1,,1,1,27,1
984,Udupi PS 4,1,,1,1,27,1
985,Udupi PS 5,1,,1,1,27,1
986,Udupi PS 6,1,,1,1,27,1
987,Udupi PS 7,1,,1,1,27,1
988,Udupi PS 8,1,,1,1,27,1
989,Udupi PS 9,1,,1,1,27,1
990,Udupi PS 10,1,,1,1,27,1
991,Udupi PS 11,1,,1,1,27,1
992,Udupi PS 12,1,,1,1,27,1
993,Udupi PS 13,1,,1,1,27,1
994,Udupi PS 14,1,,1,1,27,1
995,Udupi PS 15,1,,1,1,27,1
996,Udupi PS 16,1,,1,1,27,1
997,Udupi PS 17,1,,1,1,27,1
998,Udupi PS 18,1,,1,1,27,1
999,Udupi PS 19,1,,1,1,27,1
1000,Udupi PS 20,1,,1,1,27,1
1001,Udupi PS 21,1,,1,1,27,1
1002,Udupi PS 22,1,,1,1,27,1
1003,Udupi PS 23,1,,1,1,27,1
1004,Udupi PS 24,1,,1,1,27,1
1005,Udupi PS 25,1,,1,1,27,1
1006,Udupi PS 26,1,,1,1,27,1
1007,Udupi PS 27,1,,1,1,27,1
1008,Udupi PS 28,1,,1,1,27,1
1009,Udupi PS 29,1,,1,1,27,1
1010,Uttara Kannada PS 1,1,,1,1,28,1
1011,Uttara Kannada PS 2,1,,1,1,28,1
1012,Uttara Kannada PS 3,1,,1,1,28,1
1013,Uttara Kannada PS 4,1,,1,1,28,1
1014,Uttara Kannada PS 5,1,,1,1,28,1
1015,Uttara Kannada PS 6,1,,1,1,28,1
1016,Uttara Kannada PS 7,1,,1,1,28,1
1017,Uttara Kannada PS 8,1,,1,1,28,1
1018,Uttara Kannada PS 9,1,,1,1,28,1
1019,Uttara Kannada PS 10,1,,1,1,28,1
1020,Uttara Kannada PS 11,1,,1,1,28,1
1021,Uttara Kannada PS 12,1,,1,1,28,1
1022,Uttara Kannada PS 13,1,,1,1,28,1
1023,Uttara Kannada PS 14,1,,1,1,28,1
1024,Uttara Kannada PS 15,1,,1,1,28,1
1025,Uttara Kannada PS 16,1,,1,1,28,1
1026,Uttara Kannada PS 17,1,,1,1,28,1
1027,Uttara Kannada PS 18,1,,1,1,28,1
1028,Uttara Kannada PS 19,1,,1,1,28,1
1029,Uttara Kannada PS 20,1,,1,1,28,1
1030,Uttara Kannada PS 21,1,,1,1,28,1
1031,Uttara Kannada PS 22,1,,1,1,28,1
1032,Uttara Kannada PS 23,1,,1,1,28,1
1033,Uttara Kannada PS 24,1,,1,1,28,1
1034,Uttara Kannada PS 25,1,,1,1,28,1
1035,Uttara Kannada PS 26,1,,1,1,28,1
1036,Uttara Kannada PS 27,1,,1,1,28,1
1037,Uttara Kannada PS 28,1,,1,1,28,1
1038,Uttara Kannada PS 29,1,,1,1,28,1
1039,Vijayapura PS 1,1,,1,1,29,1
1040,Vijayapura PS 2,1,,1,1,29,1
1041,Vijayapura PS 3,1,,1,1,29,1
1042,Vijayapura PS 4,1,,1,1,29,1
1043,Vijayapura PS 5,1,,1,1,29,1
1044,Vijayapura PS 6,1,,1,1,29,1
1045,Vijayapura PS 7,1,,1,1,29,1
1046,Vijayapura PS 8,1,,1,1,29,1
1047,Vijayapura PS 9,1,,1,1,29,1
1048,Vijayapura PS 10,1,,1,1,29,1
1049,Vijayapura PS 11,1,,1,1,29,1
1050,Vijayapura PS 12,1,,1,1,29,1
1051,Vijayapura PS 13,1,,1,1,29,1
1052,Vijayapura PS 14,1,,1,1,29,1
1053,Vijayapura PS 15,1,,1,1,29,1
1054,Vijayapura PS 16,1,,1,1,29,1
1055,Vijayapura PS 17,1,,1,1,29,1
1056,Vijayapura PS 18,1,,1,1,29,1
1057,Vijayapura PS 19,1,,1,1,29,1
1058,Vijayapura PS 20,1,,1,1,29,1
1059,Vijayapura PS 21,1,,1,1,29,1
1060,Vijayapura PS 22,1,,1,1,29,1
1061,Vijayapura PS 23,1,,1,1,29,1
1062,Vijayapura PS 24,1,,1,1,29,1
1063,Vijayapura PS 25,1,,1,1,29,1
1064,Vijayapura PS 26,1,,1,1,29,1
1065,Vijayapura PS 27,1,,1,1,29,1
1066,Vijayapura PS 28,1,,1,1,29,1
1067,Vijayapura PS 29,1,,1,1,29,1
1068,Yadgir PS 1,1,,1,1,30,1
1069,Yadgir PS 2,1,,1,1,30,1
1070,Yadgir PS 3,1,,1,1,30,1
1071,Yadgir PS 4,1,,1,1,30,1
1072,Yadgir PS 5,1,,1,1,30,1
1073,Yadgir PS 6,1,,1,1,30,1
1074,Yadgir PS 7,1,,1,1,30,1
1075,Yadgir PS 8,1,,1,1,30,1
1076,Yadgir PS 9,1,,1,1,30,1
1077,Yadgir PS 10,1,,1,1,30,1
1078,Yadgir PS 11,1,,1,1,30,1
1079,Yadgir PS 12,1,,1,1,30,1
1080,Yadgir PS 13,1,,1,1,30,1
1081,Yadgir PS 14,1,,1,1,30,1
1082,Yadgir PS 15,1,,1,1,30,1
1083,Yadgir PS 16,1,,1,1,30,1
1084,Yadgir PS 17,1,,1,1,30,1
1085,Yadgir PS 18,1,,1,1,30,1
1086,Yadgir PS 19,1,,1,1,30,1
1087,Yadgir PS 20,1,,1,1,30,1
1088,Yadgir PS 21,1,,1,1,30,1
1089,Yadgir PS 22,1,,1,1,30,1
1090,Yadgir PS 23,1,,1,1,30,1
1091,Yadgir PS 24,1,,1,1,30,1
1092,Yadgir PS 25,1,,1,1,30,1
1093,Yadgir PS 26,1,,1,1,30,1
1094,Yadgir PS 27,1,,1,1,30,1
1095,Yadgir PS 28,1,,1,1,30,1
1096,Yadgir PS 29,1,,1,1,30,1
1097,Vijayanagara PS 1,1,,1,1,31,1
1098,Vijayanagara PS 2,1,,1,1,31,1
1099,Vijayanagara PS 3,1,,1,1,31,1
1100,Vijayanagara PS 4,1,,1,1,31,1
1101,Vijayanagara PS 5,1,,1,1,31,1
1102,Vijayanagara PS 6,1,,1,1,31,1
1103,Vijayanagara PS 7,1,,1,1,31,1
1104,Vijayanagara PS 8,1,,1,1,31,1
1105,Vijayanagara PS 9,1,,1,1,31,1
1106,Vijayanagara PS 10,1,,1,1,31,1
1107,Vijayanagara PS 11,1,,1,1,31,1
1108,Vijayanagara PS 12,1,,1,1,31,1
1109,Vijayanagara PS 13,1,,1,1,31,1
1110,Vijayanagara PS 14,1,,1,1,31,1
1111,Vijayanagara PS 15,1,,1,1,31,1
1112,Vijayanagara PS 16,1,,1,1,31,1
1113,Vijayanagara PS 17,1,,1,1,31,1
1114,Vijayanagara PS 18,1,,1,1,31,1
1115,Vijayanagara PS 19,1,,1,1,31,1
1116,Vijayanagara PS 20,1,,1,1,31,1
1117,Vijayanagara PS 21,1,,1,1,31,1
1118,Vijayanagara PS 22,1,,1,1,31,1
1119,Vijayanagara PS 23,1,,1,1,31,1
1120,Vijayanagara PS 24,1,,1,1,31,1
1121,Vijayanagara PS 25,1,,1,1,31,1
1122,Vijayanagara PS 26,1,,1,1,31,1
1123,Vijayanagara PS 27,1,,1,1,31,1
1124,Vijayanagara PS 28,1,,1,1,31,1
1125,Vijayanagara PS 29,1,,1,1,31,1
